Fingerprint ID,coordinate_X,coordinate_Y,zone,f0:5c:19:94:1a:40,f0:5c:19:94:1a:41,f0:5c:19:94:1a:42,34:fc:b9:18:e4:c1,34:fc:b9:18:e4:c0,34:fc:b9:18:e4:c2,f0:5c:19:94:1a:50,f0:5c:19:94:1a:51,f0:5c:19:94:1a:52,4c:ed:fb:5a:5c:0c,4c:ed:fb:5a:5c:08,f0:5c:19:94:19:e1,f0:5c:19:94:19:e2,34:fc:b9:18:e8:21,34:fc:b9:18:e8:22,34:fc:b9:18:e8:20,f0:5c:19:94:19:e0,34:fc:b9:18:e4:d2,48:ee:0c:ed:93:b5,34:fc:b9:18:e4:d0,34:fc:b9:18:e4:d1,34:fc:b9:18:e8:30,34:fc:b9:18:e8:32,10:7b:44:eb:73:98,f0:5c:19:94:19:f2,f0:5c:19:94:19:f0,34:fc:b9:18:e7:21,34:fc:b9:18:e7:22,34:fc:b9:18:e7:20,f0:5c:19:94:19:f1,E1:E9:C3:D9:09:C3,FF:20:88:3C:97:E7,CA:E0:7D:11:26:B3
265,1.0,3.0,Personal,-62,-65,-63,-76,-78,-79,-80,-80,-80,-89,-81,-89,-89,0,0,0,0,0,0,0,0,0,0,0,0,0,0,0,0,0,-86,-88,-96
266,1.0,3.0,Personal,-62,-61,-62,-77,-78,-78,-80,-81,-80,-90,-79,-89,-88,0,0,0,0,0,0,0,0,0,0,0,0,0,0,0,0,0,-96,-88,-96
267,1.0,3.0,Personal,-63,-62,-62,0,0,0,-80,-79,-80,-90,-84,-87,-86,-78,-87,-88,-87,0,0,0,0,0,0,0,0,0,0,0,0,0,-94,-92,-98
268,1.0,3.0,Personal,-63,-61,-63,0,0,0,-81,-81,-81,-90,-83,-87,-87,0,0,0,0,0,0,0,0,0,0,0,0,0,0,0,0,0,-92,-89,-96
269,1.0,3.0,Personal,-63,-61,-63,-76,-78,-78,-80,-80,-81,-90,-82,-89,-89,0,0,0,-88,0,0,0,0,0,0,0,0,0,0,0,0,0,-96,-89,-93
270,1.0,3.0,Personal,-60,-61,-60,-78,-79,0,-80,-81,-80,-90,-83,-89,-86,0,0,0,0,0,0,0,0,0,0,0,0,0,0,0,0,0,-85,-89,-94
271,1.0,3.0,Personal,-61,-62,-62,0,0,0,-80,-81,-80,-89,-81,-88,-91,0,0,0,0,-91,0,0,0,0,0,0,0,0,0,0,0,0,-85,-89,-96
272,1.0,3.0,Personal,-62,-61,-61,-77,-78,-79,-81,-80,-80,-89,-81,-89,-86,0,0,0,-87,-92,0,0,0,0,0,0,0,0,0,0,0,0,-87,-91,-93
273,1.0,3.0,Personal,-63,-61,-62,0,0,0,-80,-80,-80,-90,-81,-89,-90,0,0,0,0,0,0,0,0,0,0,0,0,0,0,0,0,0,-85,-89,-97
274,1.0,3.0,Personal,-63,-61,-62,0,0,0,-80,-80,-80,-90,-80,-89,-87,0,0,0,0,0,0,0,0,0,0,0,0,0,0,0,0,0,-85,-90,-91
275,1.0,3.0,Personal,-62,-61,-61,0,0,0,-79,-79,-79,-91,-80,-90,-89,0,0,0,0,0,0,0,0,0,0,0,0,0,0,0,0,0,-85,-89,-95
276,1.0,3.0,Personal,-62,-61,-61,0,0,0,-79,-80,-80,-91,-79,-89,-87,0,0,0,0,0,0,0,0,0,0,0,0,0,0,0,0,0,-86,-90,-92
277,1.0,3.0,Personal,-64,-61,-62,0,0,0,-81,-80,-80,-91,-79,-89,-87,0,0,0,0,0,0,0,0,0,0,0,0,0,0,0,0,0,-87,-91,-90
278,1.0,3.0,Personal,-65,-60,-64,-76,-76,-79,-80,-80,-80,-91,-80,0,0,0,0,0,0,0,0,0,0,0,0,0,0,0,0,0,0,0,-88,-90,-92
279,1.0,3.0,Personal,-64,-62,-63,0,0,0,-79,-79,-80,-92,-80,-87,-90,0,0,0,-90,0,0,0,0,0,0,0,0,0,0,0,0,0,-86,-88,-92
280,1.0,3.0,Personal,-61,-62,-61,0,0,0,-80,-80,-79,-90,-79,-85,-86,0,0,0,-86,0,0,0,0,0,0,0,0,0,0,0,0,0,-95,-90,-93
281,1.0,3.0,Personal,-62,-62,-63,-75,-76,-78,-79,-80,-80,-90,-79,-89,-86,-77,-86,-86,0,0,0,0,0,0,0,0,0,0,0,0,0,0,-96,-89,-93
282,1.0,3.0,Personal,-61,-62,-62,0,0,0,-80,-80,-81,-90,-79,-90,-85,0,0,0,0,0,0,0,0,0,0,0,0,0,0,0,0,0,-97,-91,-99
283,1.0,3.0,Personal,-62,-62,-61,0,0,0,-80,-80,-80,-91,-81,-89,-86,0,0,0,0,0,0,0,0,0,0,0,0,0,0,0,0,0,-95,-90,-94
284,1.0,3.0,Personal,-64,-62,-61,-75,-76,-78,-81,-81,-80,-91,-81,-89,-87,0,0,0,0,0,0,0,0,0,0,0,0,0,0,0,0,0,-87,-88,-93
285,1.0,3.0,Personal,-64,-63,-62,0,0,0,-81,-81,-80,-91,-79,-90,-87,0,0,0,0,0,0,0,0,0,0,0,0,0,0,0,0,0,-88,-90,-94
286,1.0,3.0,Personal,-62,-62,-62,0,0,0,-80,-81,-81,-91,-80,-89,-86,0,0,0,0,0,0,0,0,0,0,0,0,0,0,0,0,0,-88,-89,-92
287,1.0,3.0,Personal,-63,-62,-63,-75,-77,-76,-80,-80,-80,-90,-79,-89,-86,-78,-87,-86,0,0,0,0,0,0,0,0,0,0,0,0,0,0,-97,-89,-97
288,1.0,3.0,Personal,-62,-62,-61,0,0,0,-80,-80,-80,-91,-83,-86,-86,0,0,0,-87,0,0,0,0,0,0,0,0,0,0,0,0,0,-85,-88,-90
289,1.0,3.0,Personal,-64,-63,-62,0,0,0,-80,-81,-81,-91,-82,-86,-85,0,0,0,-85,0,0,0,0,0,0,0,0,0,0,0,0,0,-88,-91,-96
290,1.0,3.0,Personal,-63,-62,-62,-76,-77,-78,-80,-80,-80,-90,-81,-89,-86,0,0,0,0,0,0,0,0,0,0,0,0,0,0,0,0,0,-94,-90,-96
291,1.0,3.0,Personal,-62,-62,-62,0,0,0,-81,-80,-80,-90,-80,-89,-85,0,0,0,0,0,0,0,0,0,0,0,0,0,0,0,0,0,-86,-91,-98
292,1.0,3.0,Personal,-63,-62,-62,0,0,0,-80,-80,-80,-91,-81,-90,-85,0,0,0,0,0,0,0,0,0,0,0,0,0,0,0,0,0,-95,-91,-93
293,1.0,3.0,Personal,-63,-62,-61,0,0,0,-81,-80,-81,-91,-82,-87,-87,0,0,0,-86,0,0,0,0,0,0,0,0,0,0,0,0,0,-87,-86,-93
294,1.0,3.0,Personal,-64,-61,-60,-75,-76,-76,-81,-80,-80,-89,-78,0,0,0,0,0,0,0,0,0,0,0,0,0,0,0,0,0,0,0,-90,-89,-91
295,1.0,2.0,Social,-62,-63,-63,0,0,0,-84,-84,-84,-91,-85,0,0,-82,-86,-86,0,-90,-95,0,0,0,0,0,0,0,0,0,0,0,-95,-88,-96
296,1.0,2.0,Social,-63,-63,-61,0,0,0,-83,-82,-83,-92,-81,-83,-87,0,0,0,0,0,0,0,0,0,0,0,0,0,0,0,0,0,-87,-86,-95
297,1.0,2.0,Social,-63,-63,-66,0,0,0,-83,-83,-83,-92,-79,-81,-87,-83,-85,-85,-89,0,0,0,0,0,0,0,0,0,0,0,0,0,-87,-86,-96
298,1.0,2.0,Social,-62,-63,-61,0,0,0,-81,-81,-81,-92,-83,0,-85,-84,-85,-86,0,-89,0,0,0,0,0,0,0,0,0,0,0,0,-85,-86,-96
299,1.0,2.0,Social,-74,-64,-63,-84,0,-86,-81,-81,-81,-94,-82,-81,-86,-84,-87,-86,-85,-91,0,0,0,0,0,0,0,0,0,0,0,0,-88,-85,-93
300,1.0,2.0,Social,-61,-64,-59,0,0,-83,-80,-80,-80,-93,-78,0,0,-82,0,0,-86,0,0,0,0,0,0,0,0,0,0,0,0,0,-87,-83,-94
301,1.0,2.0,Social,-61,-64,-59,0,0,0,-80,-80,-80,-92,-80,-77,-82,-83,0,0,-86,0,0,0,0,0,0,0,0,0,0,0,0,0,-87,-85,-97
302,1.0,2.0,Social,-68,-69,-68,0,0,0,-83,-83,-83,-93,-81,-82,-83,-83,0,0,-83,-90,0,0,0,0,0,0,0,0,0,0,0,0,-94,-83,-87
303,1.0,2.0,Social,-66,-69,-67,-80,0,-80,-87,0,-88,-95,-80,0,0,-84,0,0,0,0,0,0,0,0,0,0,0,0,0,0,0,0,-91,-83,-90
304,1.0,2.0,Social,-63,-65,-64,-82,-83,-84,-87,0,-86,-94,-80,0,0,-83,0,-88,0,0,0,0,0,0,0,0,0,0,0,0,0,0,-92,-92,-93
305,1.0,2.0,Social,-64,-67,-64,-83,0,-83,-87,0,-87,-94,-79,0,0,-82,0,0,0,0,0,0,0,0,0,0,0,0,0,0,0,0,-83,-90,-92
306,1.0,2.0,Social,-63,-66,-63,0,-82,-83,-85,-86,-86,-96,-81,-85,-87,0,0,0,-85,0,-95,0,0,0,0,0,0,0,0,0,0,0,-91,-84,-93
307,1.0,2.0,Social,-64,-67,-63,0,0,0,-87,-86,-86,-95,-81,0,-86,-85,0,0,0,0,0,0,0,0,0,0,0,0,0,0,0,0,-83,-83,-93
308,1.0,2.0,Social,-65,-66,-63,-81,0,-82,-87,-87,-87,-95,-83,-84,-87,-85,0,0,-86,0,0,0,0,0,0,0,0,0,0,0,0,0,-85,-83,-95
309,1.0,2.0,Social,-64,-66,-64,0,0,0,-87,0,-87,-93,-78,-83,-88,-86,0,-89,0,0,0,0,0,0,0,0,0,0,0,0,0,0,-84,-85,-93
310,1.0,2.0,Social,-63,-67,-63,-82,0,-84,-87,-86,-87,-93,-79,-83,0,-84,0,0,0,0,0,0,0,0,0,0,0,0,0,0,0,0,-93,-84,-91
311,1.0,2.0,Social,-67,-68,-67,-82,-84,-83,-87,0,-86,-93,-82,0,0,-84,0,0,0,0,0,0,0,0,0,0,0,0,0,0,0,0,-85,-90,-90
312,1.0,2.0,Social,-67,-68,-67,-82,0,-84,-85,-85,-85,-94,-80,0,0,-83,0,0,0,0,0,0,0,0,0,0,0,0,0,0,0,0,-84,-89,-88
313,1.0,2.0,Social,-67,-68,-67,-81,0,-84,-86,-85,-85,-94,-83,0,0,-83,-88,-87,0,0,0,0,0,0,0,0,0,0,0,0,0,0,-95,-91,-89
314,1.0,2.0,Social,-67,-68,-67,-82,0,0,-85,-86,-86,-93,-80,-84,-87,-84,0,-86,0,0,0,0,0,0,0,0,0,0,0,0,0,0,-95,-89,-89
315,1.0,2.0,Social,-67,-68,-67,0,0,0,-86,-86,-85,-94,-78,-85,0,-84,0,0,0,0,-96,0,0,0,0,0,0,0,0,0,0,0,-93,-89,-100
316,1.0,2.0,Social,-67,-68,-67,-84,0,-87,-87,-85,-86,-93,-80,0,0,0,0,0,0,0,0,0,0,0,0,0,0,0,0,0,0,0,-91,-91,-93
317,1.0,2.0,Social,-67,-67,-67,-83,-84,-84,-83,-83,-83,-94,-82,0,0,0,0,0,0,0,0,0,0,0,0,0,0,0,0,0,0,0,-93,-90,-98
318,1.0,2.0,Social,-67,-67,-66,0,0,0,-84,-84,-84,-95,-80,0,0,-84,0,0,0,0,0,0,0,0,0,0,0,0,0,0,0,0,-91,-90,-98
319,1.0,2.0,Social,-64,-67,-65,0,-85,0,-83,-82,-83,-94,-84,-86,0,-85,0,0,0,0,0,0,0,0,0,0,0,0,0,0,0,0,-91,-88,-99
320,1.0,2.0,Social,-66,-67,-66,-82,0,-84,-84,-84,-84,-93,-82,-84,0,-86,0,0,-88,0,-94,0,0,0,0,0,0,0,0,0,0,0,-87,-90,-96
321,1.0,2.0,Social,-67,-67,-67,0,0,0,-84,-84,-85,-95,-80,-84,0,0,0,0,0,0,0,0,0,0,0,0,0,0,0,0,0,0,-85,-84,-98
322,1.0,2.0,Social,-66,-67,-67,-82,0,-86,-84,-85,-84,-95,-80,0,0,0,0,0,0,0,-93,0,0,0,0,0,0,0,0,0,0,0,-87,-84,-98
323,1.0,2.0,Social,-63,-65,-59,-82,0,-84,-84,-85,-85,-93,-78,-84,0,0,0,0,0,0,0,0,0,0,0,0,0,0,0,0,0,0,-86,-84,-94
324,1.0,2.0,Social,-62,-65,-62,-80,-81,-82,-83,-82,-82,-95,-79,0,-86,-85,-87,0,0,-88,0,0,0,0,0,0,0,0,0,0,0,0,-85,-83,-95
325,0.0,3.0,Personal,-62,-67,-65,0,0,0,-78,-79,-78,0,-80,0,0,0,0,0,0,0,-94,0,0,0,0,0,0,0,0,0,0,0,-93,-88,-84
326,0.0,3.0,Personal,-65,-66,-65,-80,-80,-82,-77,-77,-77,0,-75,-90,-88,0,0,0,-89,-87,0,0,0,0,0,0,0,0,0,0,0,0,-95,-85,-84
327,0.0,3.0,Personal,-63,-64,-64,0,0,0,-78,-78,-78,0,-75,-90,-89,0,0,0,0,-87,-95,0,0,0,0,0,0,0,0,0,0,0,-93,-85,-83
328,0.0,3.0,Personal,-64,-63,-64,0,0,0,-78,-78,-78,0,-74,-91,-88,-75,-78,-79,-90,-88,-93,0,0,0,0,0,0,0,0,0,0,0,-90,-84,-82
329,0.0,3.0,Personal,-63,-64,-63,0,0,0,-78,-78,-78,0,-77,-90,-89,0,0,0,0,-88,-95,0,0,0,0,0,0,0,0,0,0,0,-92,-85,-83
330,0.0,3.0,Personal,-65,-64,-62,0,0,0,-77,-78,-78,-94,-77,-90,-88,0,0,0,0,-89,-95,0,0,0,0,0,0,0,0,0,0,0,-94,-85,-84
331,0.0,3.0,Personal,-64,-63,-62,0,0,-82,-78,-78,-78,0,-76,0,0,0,0,0,0,-87,0,0,0,0,0,0,0,0,0,0,0,0,-87,-85,-84
332,0.0,3.0,Personal,-65,-63,-63,-80,-82,-84,-78,-78,-78,0,-75,0,0,0,-78,0,0,0,0,0,0,0,0,0,0,0,0,0,0,0,-93,-81,-85
333,0.0,3.0,Personal,-66,-63,-65,0,0,0,-78,-78,-78,0,-75,0,-91,0,0,0,0,-88,0,0,0,0,0,0,0,0,0,0,0,0,-87,-81,-87
334,0.0,3.0,Personal,-64,-64,-62,0,0,0,-78,-78,-78,0,-76,0,0,0,-80,0,0,-88,-93,0,0,0,0,0,0,0,0,0,0,0,-89,-82,-86
335,0.0,3.0,Personal,-65,-64,-64,0,0,0,-78,-78,-78,0,-76,0,0,0,0,0,0,-88,0,0,0,0,0,0,0,0,0,0,0,0,-86,-82,-86
336,0.0,3.0,Personal,-63,-63,-62,-80,-82,-81,-78,-78,-78,0,-76,0,0,-75,-79,-80,0,-88,-94,0,0,0,0,0,0,0,0,0,0,0,-86,-82,-85
337,0.0,3.0,Personal,-63,-64,-62,0,0,0,-78,-78,-78,0,-76,0,0,-75,-79,-79,0,0,-95,0,0,0,0,0,0,0,0,0,0,0,-87,-87,-85
338,0.0,3.0,Personal,-63,-64,-63,0,0,0,-78,-78,-78,0,-75,0,0,0,0,0,0,-88,-95,0,0,0,0,0,0,0,0,0,0,0,-87,-89,-84
339,0.0,3.0,Personal,-63,-64,-63,0,0,0,-78,-78,-78,0,-77,0,0,0,0,0,0,-88,-95,0,0,0,0,0,0,0,0,0,0,0,-87,-88,-84
340,0.0,3.0,Personal,-65,-65,-63,0,0,0,-79,-78,-78,0,-76,0,-91,-75,-92,-79,0,-88,0,0,0,0,0,0,0,0,0,0,0,0,-87,-88,-83
341,0.0,3.0,Personal,-64,-65,-63,0,0,0,-79,-79,-79,0,-76,0,0,-75,-78,-78,0,0,-94,0,0,0,0,0,0,0,0,0,0,0,-86,-88,-85
342,0.0,3.0,Personal,-63,-64,-63,0,0,0,-78,-78,-78,0,-76,0,0,0,0,0,0,0,-93,0,0,0,0,0,0,0,0,0,0,0,-94,-86,-85
343,0.0,3.0,Personal,-64,-64,-62,0,0,0,-78,-78,-77,0,-75,0,-91,-75,-89,-78,0,-89,-93,0,0,0,0,0,0,0,0,0,0,0,-93,-85,-84
344,0.0,3.0,Personal,-64,-64,-63,0,0,0,-78,-78,-78,0,-76,0,-90,-75,0,-79,0,-88,0,0,0,0,0,0,0,0,0,0,0,0,-87,-82,-85
345,0.0,3.0,Personal,-63,-64,-64,0,0,0,-78,-78,-78,0,-76,0,0,0,0,0,0,-87,0,0,0,0,0,0,0,0,0,0,0,0,-87,-88,-85
346,0.0,3.0,Personal,-63,-64,-64,0,0,0,-78,-78,-78,0,-77,0,0,0,0,0,0,-87,-94,0,0,0,0,0,0,0,0,0,0,0,-92,-87,-83
347,0.0,3.0,Personal,-63,-64,-62,0,0,0,-78,-78,-78,0,-76,0,-90,0,0,0,0,-88,0,0,0,0,0,0,0,0,0,0,0,0,-96,-87,-84
348,0.0,3.0,Personal,-64,-64,-62,0,0,0,-77,-78,-77,0,-76,0,0,-75,-78,-79,0,-87,-95,0,0,0,0,0,0,0,0,0,0,0,-86,-86,-84
349,0.0,3.0,Personal,-65,-64,-64,0,0,0,-78,-78,-78,0,-75,-90,-89,0,0,0,0,-88,-92,0,0,0,0,0,0,0,0,0,0,0,-92,-85,-85
350,0.0,3.0,Personal,-64,-64,-63,0,0,0,-78,-78,-77,-95,-77,0,-92,0,0,0,0,-86,-93,0,0,0,0,0,0,0,0,0,0,0,-91,-86,-84
351,0.0,3.0,Personal,-63,-63,-64,0,0,0,-77,-77,-77,0,-76,0,-89,0,0,0,0,-88,-93,0,0,0,0,0,0,0,0,0,0,0,-93,-86,-83
352,0.0,3.0,Personal,-64,-64,-65,0,0,0,-77,-77,-77,0,-75,-91,-92,-75,0,-78,0,0,-92,0,0,0,0,0,0,0,0,0,0,0,-93,-85,-83
353,0.0,3.0,Personal,-64,-64,-63,-79,-82,-81,-78,-78,-78,0,-76,-91,-89,0,0,0,0,-88,-93,0,0,0,0,0,0,0,0,0,0,0,-94,-86,-83
354,0.0,3.0,Personal,-64,-63,-63,0,0,0,-78,-78,-78,-95,-77,0,0,0,0,0,0,-88,-92,0,0,0,0,0,0,0,0,0,0,0,-94,-85,-86
355,0.0,2.0,Social,0,0,0,0,0,0,0,0,0,0,0,0,0,0,0,0,0,0,0,0,0,0,0,0,0,0,0,0,0,0,-88,-90,-88
356,0.0,2.0,Social,-67,-59,-69,0,0,0,-79,-80,-80,-88,-85,0,0,0,-73,0,0,-86,0,-86,0,0,0,0,0,0,0,0,0,0,-94,-82,-86
357,0.0,2.0,Social,-70,-60,-60,0,0,0,-80,-80,-80,-86,-86,-85,-86,-74,-75,-75,-85,-82,-96,-82,-82,-86,-86,0,0,0,0,0,0,0,-80,-88,-84
358,0.0,2.0,Social,-66,-63,-66,0,0,0,-84,-84,-83,-89,-80,-84,-89,-77,-83,-83,0,-84,0,-84,-84,-87,-87,0,0,0,0,0,0,0,-89,-88,-94
359,0.0,2.0,Social,-65,-62,-66,0,0,0,-83,-82,-83,-92,-87,-90,-89,0,0,0,0,-79,-93,-79,-79,0,-89,0,0,0,0,0,0,0,-87,-84,-91
360,0.0,2.0,Social,-68,-67,-68,0,0,0,-83,-83,-82,-91,-80,-85,-85,0,0,0,-85,-81,-93,-82,-82,0,0,0,0,0,0,0,0,0,-85,0,-92
361,0.0,2.0,Social,-67,-66,-69,0,0,0,-84,-84,-84,-89,-76,-88,-90,-76,-79,-77,-90,-79,-95,-78,-79,0,-89,0,0,0,0,0,0,0,-85,-80,-90
362,0.0,2.0,Social,-69,-69,-66,0,0,0,0,0,0,-90,-77,0,0,0,0,0,0,-79,-93,-79,-79,0,0,0,0,0,0,0,0,0,-84,-79,-89
363,0.0,2.0,Social,-68,-69,-66,-77,-78,-78,-80,-80,-80,-92,-74,-88,-90,0,0,-80,0,-80,0,-79,-80,0,-90,0,0,0,0,0,0,0,-87,-79,-85
364,0.0,2.0,Social,-68,-66,-66,0,0,0,-82,-83,-83,-91,-77,-88,0,0,0,0,0,-77,-93,-77,-78,0,0,0,0,0,0,0,0,0,-86,-82,-86
365,0.0,2.0,Social,-71,-68,-69,0,0,0,-85,-84,-84,-91,-77,-88,0,0,0,0,0,-78,-94,-78,-78,0,-91,0,0,0,0,0,0,0,-82,0,-87
366,0.0,2.0,Social,-69,-67,-69,0,0,0,-83,-83,-83,-93,-76,-88,0,0,0,0,0,-78,-94,-78,-77,0,0,0,0,0,0,0,0,0,-81,-80,-87
367,0.0,2.0,Social,-64,-69,-66,0,0,0,-78,-78,-78,-92,-77,-86,-85,0,0,0,0,-80,0,-80,-79,0,0,0,0,0,0,0,0,0,-82,-80,-84
368,0.0,2.0,Social,-65,-68,-64,0,0,0,-78,-78,-78,-93,-77,0,-88,0,0,0,0,-79,0,-79,-79,0,0,0,0,0,0,0,0,0,-82,-80,-92
369,0.0,2.0,Social,-68,-66,-63,0,0,0,-78,-78,-78,-91,-77,-88,-87,-75,-77,-76,-87,-80,0,-80,-80,0,0,0,0,0,0,0,0,0,-88,-82,-87
370,0.0,2.0,Social,-62,-65,-67,0,0,0,-79,-79,-79,-93,-77,-87,-89,0,0,0,0,-79,-93,-79,-79,0,0,0,0,0,0,0,0,0,-82,0,-87
371,0.0,2.0,Social,-64,-64,-65,0,0,0,-77,-78,-78,-92,-78,-87,-88,0,0,0,-90,-79,-91,-79,-79,0,0,0,0,0,0,0,0,0,-83,-85,-86
372,0.0,2.0,Social,-65,-64,-63,0,0,0,-75,-76,-75,-89,-76,-85,-91,-72,-74,-73,0,-81,0,-81,-81,-89,0,0,0,0,0,0,0,0,-84,0,-83
373,0.0,2.0,Social,-62,-63,-62,0,0,0,-76,-76,-76,-89,-77,-86,-87,0,0,0,-87,-82,0,-81,-81,0,0,0,0,0,0,0,0,0,-84,-81,-84
374,0.0,2.0,Social,-68,-65,-65,0,0,0,-81,-82,-81,-91,-79,-85,-87,0,0,0,-87,-83,-93,-83,-84,-87,-87,0,0,0,0,0,0,0,-86,-87,-98
375,0.0,2.0,Social,-70,-57,-71,0,0,0,-82,-81,-81,-89,-82,-84,-90,-70,-71,-71,-89,-86,0,-86,-85,0,0,0,0,0,0,0,0,0,-86,-85,-92
376,0.0,2.0,Social,-76,-59,-70,0,0,0,-81,-81,-82,-89,-79,0,0,0,0,0,0,-85,-93,-85,-85,0,0,0,0,0,0,0,0,0,0,-92,-94
377,0.0,2.0,Social,-70,-59,-71,0,0,0,-80,-79,-79,-88,-86,0,0,0,0,0,0,-87,0,-87,0,0,0,0,0,0,0,0,0,0,-83,-83,-91
378,0.0,2.0,Social,-68,-60,-70,0,0,0,-80,-80,-80,-88,-81,0,0,-70,-72,0,0,-85,0,-85,-85,0,0,0,0,0,0,0,0,0,-85,0,-91
379,0.0,2.0,Social,-64,-59,-69,0,0,0,-78,-78,-79,-88,-85,0,0,0,0,0,0,-88,0,-87,0,0,0,0,0,0,0,0,0,0,-85,-82,-93
380,0.0,2.0,Social,-67,-56,-66,0,0,0,-75,-75,-75,-94,-82,0,0,0,0,0,0,-86,-93,-85,0,-87,-87,0,0,0,0,0,0,0,-96,-87,-89
381,0.0,2.0,Social,-64,-55,-62,0,0,0,-80,-80,-80,-89,-82,0,0,-74,-80,-80,0,-82,-91,-82,-82,-87,-88,0,0,0,0,0,0,0,-90,-89,-93
382,0.0,2.0,Social,-68,-62,-64,0,0,0,-78,-78,-78,-92,-80,-85,-84,0,0,0,-91,-84,-90,-83,-83,-86,-90,0,0,0,0,0,0,0,-87,-87,-93
383,0.0,2.0,Social,-70,-68,-66,-75,-80,-81,-73,-74,-74,-93,-83,-84,-86,0,0,0,-85,-87,0,-86,-84,-88,-88,0,0,0,0,0,0,0,-80,-89,-81
384,0.0,2.0,Social,-67,-65,-68,-75,-80,-80,-74,-74,-75,-90,-79,-84,-84,0,0,0,-83,-81,0,-81,-81,-88,-88,0,0,0,0,0,0,0,-80,-85,-81
385,-1.0,3.0,Personal,-65,-60,-69,0,0,0,-81,-81,-82,-89,-80,-81,0,-74,-78,-79,-89,0,0,0,0,0,0,0,0,0,0,0,0,0,-87,-80,-97
386,-1.0,3.0,Personal,-66,-59,-62,-79,0,-86,-82,-81,-82,-89,-81,0,0,-74,-81,-81,0,-90,0,0,0,0,0,0,0,0,0,0,0,0,-87,-76,-97
387,-1.0,3.0,Personal,-64,-58,-63,0,0,0,-82,-82,-82,-87,-81,0,0,0,0,0,0,0,0,0,0,0,0,0,0,0,0,0,0,0,-87,-76,-97
388,-1.0,3.0,Personal,-65,-57,-61,0,0,0,-82,-82,-82,-88,-82,-81,0,0,0,0,-88,0,0,0,0,0,0,0,0,0,0,0,0,0,-86,-74,-94
389,-1.0,3.0,Personal,-70,-60,-71,0,0,0,-82,-82,-83,-89,0,-84,-87,0,0,0,-88,0,-94,0,0,0,0,0,0,0,0,0,0,0,-87,-75,-90
390,-1.0,3.0,Personal,-67,-59,-68,0,0,0,-83,-82,-83,-90,-79,0,0,0,0,0,0,0,0,0,0,0,0,0,0,0,0,0,0,0,-88,-75,-87
391,-1.0,3.0,Personal,-65,-58,-69,0,0,0,-83,-84,-84,-88,-81,-81,-86,-74,-77,0,0,-89,-94,-92,0,0,0,0,0,0,0,0,0,0,-85,-74,-89
392,-1.0,3.0,Personal,-66,-57,-59,0,0,0,-81,-81,-81,-88,-84,-81,-89,0,0,0,-89,-88,-92,0,0,0,0,0,0,0,0,0,0,0,-89,-75,-88
393,-1.0,3.0,Personal,-66,-59,-65,0,0,0,-81,-82,-82,-88,-83,0,0,0,0,0,0,0,0,0,0,0,0,0,0,0,0,0,0,0,-87,-78,-88
394,-1.0,3.0,Personal,-66,-59,-63,0,0,0,-82,-82,-81,-89,-81,0,0,0,0,0,0,0,-93,0,0,0,0,0,0,0,0,0,0,0,-89,-79,-88
395,-1.0,3.0,Personal,-65,-59,-65,0,0,0,-82,-82,-82,-88,-81,0,0,0,0,0,0,0,-94,0,0,0,0,0,0,0,0,0,0,0,-87,-76,-90
396,-1.0,3.0,Personal,-65,-58,-64,0,0,0,-82,-82,-82,-89,0,-80,0,-74,-80,-78,0,0,-92,0,0,0,0,0,0,0,0,0,0,0,-88,-80,-90
397,-1.0,3.0,Personal,-63,-59,-64,-78,-86,-86,-82,-82,-82,-89,-83,-81,-90,0,0,0,-90,0,-92,0,0,0,0,0,0,0,0,0,0,0,-87,-80,-92
398,-1.0,3.0,Personal,-64,-59,-64,0,0,0,-82,-82,-82,-87,-80,0,0,0,0,0,0,0,-94,0,0,0,0,0,0,0,0,0,0,0,-88,-74,-91
399,-1.0,3.0,Personal,-66,-58,-64,0,0,0,-82,-82,-82,-89,-83,0,0,-74,-78,-78,0,0,-95,0,0,0,0,0,0,0,0,0,0,0,-88,-80,-91
400,-1.0,3.0,Personal,-65,-59,-65,0,0,0,-82,-82,-82,-88,-80,0,0,0,0,0,0,-91,-92,0,0,0,0,0,0,0,0,0,0,0,-88,-80,-91
401,-1.0,3.0,Personal,-65,-59,-65,-78,-85,0,-82,-82,-82,-88,-82,0,0,0,0,0,0,-91,-91,0,0,0,0,0,0,0,0,0,0,0,-87,-76,-91
402,-1.0,3.0,Personal,-65,-59,-65,0,0,0,-83,-82,-82,-89,-81,0,0,0,0,0,0,-91,-95,0,0,0,0,0,0,0,0,0,0,0,-85,-75,-91
403,-1.0,3.0,Personal,-66,-59,-65,-78,-85,0,-82,-82,-81,-88,-81,0,0,0,0,0,0,-89,-95,0,0,0,0,0,0,0,0,0,0,0,-87,-74,-90
404,-1.0,3.0,Personal,-63,-59,-64,-78,-85,-85,-82,-81,-81,-88,0,0,0,0,0,0,0,-91,-93,0,0,0,0,0,0,0,0,0,0,0,-86,-74,-90
405,-1.0,3.0,Personal,-65,-58,-63,0,0,0,-82,-82,-82,-89,-81,0,0,0,0,0,0,0,-95,0,0,0,0,0,0,0,0,0,0,0,-84,-74,-92
406,-1.0,3.0,Personal,-64,-60,-65,0,0,0,-83,-82,-83,-89,-79,0,0,0,0,0,0,0,-93,0,0,0,0,0,0,0,0,0,0,0,-89,-78,-91
407,-1.0,3.0,Personal,-65,-59,-64,0,0,0,-81,-82,-81,-88,0,0,0,0,0,0,0,-92,-91,0,0,0,0,0,0,0,0,0,0,0,-88,-78,-90
408,-1.0,3.0,Personal,-65,-58,-66,0,0,-83,-81,-81,-81,-88,-80,-80,-90,0,0,0,0,-92,0,0,0,0,0,0,0,0,0,0,0,0,-86,-78,-90
409,-1.0,3.0,Personal,-64,-59,-64,-78,-86,-86,-82,-82,-82,-89,0,-81,-87,0,0,0,-88,0,-93,0,0,0,0,0,0,0,0,0,0,0,-89,0,-90
410,-1.0,3.0,Personal,-68,-59,-69,0,0,0,-81,-81,-82,-87,-81,-83,-87,0,0,0,-89,0,-94,0,0,0,0,0,0,0,0,0,0,0,-85,-76,-89
411,-1.0,3.0,Personal,-68,-58,-66,0,0,0,-81,-81,-81,-88,-79,-83,0,0,0,0,0,-90,-92,0,0,0,0,0,0,0,0,0,0,0,-86,-75,-97
412,-1.0,3.0,Personal,-68,-58,-67,-79,-86,-86,-79,-80,-79,-88,-78,0,0,-76,-93,-77,0,-92,0,0,0,0,0,0,0,0,0,0,0,0,-87,-76,-90
413,-1.0,3.0,Personal,-67,-59,-64,0,0,0,-82,-82,-82,-88,-80,0,0,0,0,0,0,-92,-92,0,0,0,0,0,0,0,0,0,0,0,-88,-74,-88
414,-1.0,3.0,Personal,-64,-59,-64,0,0,0,-82,-82,-82,-89,-81,0,0,0,0,0,0,-90,-94,0,0,0,0,0,0,0,0,0,0,0,-87,-74,-91
415,-1.0,2.0,Social,-64,-65,-64,-79,-87,-88,-82,-83,-88,-90,-75,0,0,-75,-81,-80,0,-90,0,-90,0,0,0,0,0,0,0,0,0,0,-90,-74,-84
416,-1.0,2.0,Social,-65,-65,-64,-79,0,-86,0,0,-88,-91,-77,-89,0,-74,-80,-79,0,-89,0,-91,0,0,0,0,0,0,0,0,0,0,-87,-84,-83
417,-1.0,2.0,Social,-65,-65,-64,0,0,0,0,0,-89,-92,-76,-88,-90,-75,0,-80,-90,-89,0,-89,0,0,0,0,0,0,0,0,0,0,-89,-78,-84
418,-1.0,2.0,Social,-65,-65,-62,-79,-88,-86,0,0,-88,-92,-78,-89,0,0,0,0,0,-90,0,-91,0,0,0,0,0,0,0,0,0,0,-85,-77,-83
419,-1.0,2.0,Social,-63,-65,-63,-78,-87,-88,0,0,-88,-91,-75,-90,0,0,0,0,0,-90,0,-90,0,0,0,0,0,0,0,0,0,0,-85,0,-82
420,-1.0,2.0,Social,-65,-66,-66,-79,-87,-87,0,0,-88,-91,-75,-87,-91,-74,-79,-79,0,-90,0,-90,0,0,0,0,0,0,0,0,0,0,-90,-74,-94
421,-1.0,2.0,Social,-62,-65,-64,0,0,0,0,0,-88,-90,-76,-87,0,0,0,0,0,-91,0,-91,0,0,0,0,0,0,0,0,0,0,-90,0,-94
422,-1.0,2.0,Social,-64,-65,-63,0,0,0,0,0,-88,-91,-77,-89,0,0,0,0,0,-89,0,-91,0,0,0,0,0,0,0,0,0,0,-88,-74,-93
423,-1.0,2.0,Social,-65,-65,-63,-78,0,-86,0,0,-87,-91,-77,-88,0,0,0,0,0,-91,0,0,0,0,0,0,0,0,0,0,0,0,-89,-74,-96
424,-1.0,2.0,Social,-65,-65,-65,-78,-87,-86,0,0,-89,-90,-78,-91,0,-75,-79,-79,0,-91,0,-90,0,0,0,0,0,0,0,0,0,0,-89,0,-95
425,-1.0,2.0,Social,-65,-65,-64,0,0,0,0,0,-88,-91,-76,-87,0,0,0,0,0,-91,0,-90,0,0,0,0,0,0,0,0,0,0,-84,-74,-87
426,-1.0,2.0,Social,-65,-65,-64,-78,0,0,0,0,-88,-92,-77,-89,0,0,0,0,0,-90,0,0,0,0,0,0,0,0,0,0,0,0,-89,-74,-89
427,-1.0,2.0,Social,-65,-64,-64,-78,0,-88,0,0,-89,-91,-75,0,0,-75,-79,0,0,0,0,0,0,0,0,0,0,0,0,0,0,0,-86,-77,-88
428,-1.0,2.0,Social,-64,-64,-64,0,0,0,0,0,-89,-91,-75,-89,0,0,0,0,0,-90,0,-90,0,0,0,0,0,0,0,0,0,0,-89,-74,-87
429,-1.0,2.0,Social,-63,-65,-62,0,0,0,0,0,-88,-91,-75,-88,0,0,0,0,0,-90,0,-90,0,0,0,0,0,0,0,0,0,0,-86,-74,-88
430,-1.0,2.0,Social,-65,-65,-63,0,0,0,0,0,-89,-90,-75,-89,0,0,0,0,0,-90,0,-91,0,0,0,0,0,0,0,0,0,0,-89,-77,-88
431,-1.0,2.0,Social,-63,-65,-64,0,0,0,0,0,-89,-91,-76,-89,0,-75,0,0,0,-91,0,0,0,0,0,0,0,0,0,0,0,0,-85,-77,-82
432,-1.0,2.0,Social,-63,-63,-63,-79,0,-88,0,0,0,-92,-77,0,0,0,0,0,0,-90,0,0,0,0,0,0,0,0,0,0,0,0,-86,-74,-83
433,-1.0,2.0,Social,-62,-64,-62,0,0,0,0,0,-89,-90,-77,-91,0,0,0,0,0,-90,0,0,0,0,0,0,0,0,0,0,0,0,-86,0,-82
434,-1.0,2.0,Social,-65,-65,-64,0,0,0,0,0,-89,-91,-76,-90,0,0,0,0,0,-91,0,-90,0,0,0,0,0,0,0,0,0,0,-87,-79,-83
435,-1.0,2.0,Social,-65,-64,-63,-79,0,-88,0,0,-87,-93,-77,-88,0,0,0,0,0,-91,0,-90,0,0,0,0,0,0,0,0,0,0,-88,0,-83
436,-1.0,2.0,Social,-64,-65,-64,0,0,-88,0,0,-89,-91,-76,-89,0,-75,-81,-80,0,-91,0,-90,0,0,0,0,0,0,0,0,0,0,-88,-75,-94
437,-1.0,2.0,Social,-65,-65,-64,0,0,0,0,0,0,-92,-78,-87,0,0,0,0,0,-91,0,-90,0,0,0,0,0,0,0,0,0,0,-90,-74,-94
438,-1.0,2.0,Social,-65,-65,-64,-78,0,-87,0,0,-89,-91,-77,-88,0,0,0,0,0,-90,0,-90,0,0,0,0,0,0,0,0,0,0,-89,-76,-94
439,-1.0,2.0,Social,-65,-64,-66,-79,0,-90,0,0,0,-91,-77,-88,0,0,0,0,0,-90,0,0,0,0,0,0,0,0,0,0,0,0,-89,-74,-94
440,-1.0,2.0,Social,-66,-65,-64,0,0,0,0,0,-90,-91,-76,-87,0,0,0,0,0,-90,0,-90,0,0,0,0,0,0,0,0,0,0,-91,-75,-88
441,-1.0,2.0,Social,-65,-66,-64,0,0,0,-86,0,-87,-92,-77,-88,0,0,0,0,0,-89,0,-90,0,0,0,0,0,0,0,0,0,0,-83,-78,-88
442,-1.0,2.0,Social,-63,-62,-63,-80,0,-89,-89,0,-89,-92,-77,-89,0,-74,-80,-81,0,-91,-96,-89,0,0,0,0,0,0,0,0,0,0,-82,-76,-88
443,-1.0,2.0,Social,-64,-65,-63,0,0,0,0,0,-88,-91,-78,-88,0,0,0,0,0,-89,0,0,0,0,0,0,0,0,0,0,0,0,-88,-74,-86
444,-1.0,2.0,Social,-65,-64,-65,0,0,0,0,0,0,-91,-78,-87,-91,-75,-80,0,0,-91,0,-92,0,0,0,0,0,0,0,0,0,0,-86,-74,-86
445,-2.0,3.0,Personal,-71,-71,-71,-76,-79,-81,-83,-84,-85,-88,-80,0,0,-69,-72,-73,0,-86,0,-86,-87,-87,-86,0,0,0,0,0,0,0,-84,-57,-94
446,-2.0,3.0,Personal,-68,-69,-67,0,0,0,-80,-80,-81,-90,-79,0,0,0,0,-72,-87,-87,-93,-87,0,-87,-87,0,0,0,0,0,0,0,-86,-58,-90
447,-2.0,3.0,Personal,-69,-68,-66,-77,-81,0,-80,-81,-80,-88,-78,0,0,-71,-70,-71,0,-86,-92,-86,0,-86,-86,0,0,0,0,0,0,0,-87,-57,-93
448,-2.0,3.0,Personal,-70,-68,-67,0,0,0,-80,-80,-80,-88,-78,0,0,0,0,0,0,-89,-94,-87,0,-86,-86,0,0,0,0,0,0,0,-84,0,-94
449,-2.0,3.0,Personal,-72,-68,-68,0,0,-79,-80,-81,-80,-89,-77,-82,0,0,-71,0,0,-87,0,-88,0,-86,-87,0,0,0,0,0,0,0,-91,-58,-92
450,-2.0,3.0,Personal,-70,-69,-69,0,0,0,-80,-80,-80,-89,-79,-81,0,0,0,0,0,-87,-94,-88,0,-86,-86,0,0,0,0,0,0,0,-89,-58,-97
451,-2.0,3.0,Personal,-70,-71,-70,0,0,0,-81,-80,-80,-91,-79,0,0,0,0,0,0,-87,0,-87,0,-86,-86,0,0,0,0,0,0,0,-84,-57,-92
452,-2.0,3.0,Personal,-69,-71,-76,0,0,0,-82,-83,-83,-89,-81,-82,-91,0,0,0,-89,-86,-92,-86,-86,-87,-86,0,0,0,0,0,0,0,-91,-58,-97
453,-2.0,3.0,Personal,-69,0,0,0,0,0,-80,-80,-80,-88,-78,0,0,0,0,0,0,-86,-91,-87,0,-85,-86,0,0,0,0,0,0,0,-90,-57,-95
454,-2.0,3.0,Personal,-69,-70,-68,-77,0,-78,-80,-79,-80,-88,-78,0,0,0,0,0,0,-88,-94,-87,0,-86,-87,0,0,0,0,0,0,0,-90,-58,-96
455,-2.0,3.0,Personal,-68,-68,-68,0,0,0,-80,-80,-80,-89,-78,0,0,-72,-75,-73,0,-87,-91,-86,0,-86,-86,0,0,0,0,0,0,0,-92,-60,-92
456,-2.0,3.0,Personal,-66,-68,-68,0,0,0,-80,-80,-80,-88,-81,0,0,0,0,0,0,-88,-93,-86,0,-86,-87,0,0,0,0,0,0,0,-91,-59,-94
457,-2.0,3.0,Personal,-68,-68,-66,-77,-80,-80,-80,-80,-79,-88,-79,-80,-87,0,0,0,0,-87,-93,-88,0,-86,-86,0,0,0,0,0,0,0,-90,-61,-96
458,-2.0,3.0,Personal,-67,-67,-68,0,0,0,-80,-80,-80,-89,-78,0,0,0,-73,0,0,-87,-93,-87,0,-87,-87,0,0,0,0,0,0,0,-91,-57,-94
459,-2.0,3.0,Personal,-68,-69,-67,0,0,0,-79,-79,-80,-89,-78,0,0,0,0,0,0,-86,-90,-86,0,-86,-86,0,0,0,0,0,0,0,-91,-59,-95
460,-2.0,3.0,Personal,-67,-69,-67,0,0,0,-80,-80,-80,-89,-78,0,0,0,0,0,0,-87,-91,-86,0,-86,-88,0,0,0,0,0,0,0,-86,-59,-94
461,-2.0,3.0,Personal,-68,-68,-67,0,0,0,-80,-79,-80,-89,-82,0,0,-69,-73,-73,0,-87,-90,-87,0,-86,-86,0,0,0,0,0,0,0,-90,-59,-93
462,-2.0,3.0,Personal,-68,-69,-68,0,0,0,-80,-79,-79,-88,-77,0,0,0,0,0,0,-87,-94,-87,0,-86,-87,0,0,0,0,0,0,0,-87,-58,-92
463,-2.0,3.0,Personal,-68,-69,-67,0,0,0,-80,-80,-80,-89,-78,0,0,0,0,0,0,-87,-93,-86,0,-86,-86,0,0,0,0,0,0,0,-86,-58,-93
464,-2.0,3.0,Personal,-67,-68,-67,0,0,0,-80,-80,-80,-89,-80,0,0,0,0,0,0,-87,-90,-87,0,-86,-86,0,0,0,0,0,0,0,-86,-58,-95
465,-2.0,3.0,Personal,-68,-69,-67,0,0,0,-79,-79,-79,-89,-78,0,0,-69,-73,0,0,-88,-91,-87,0,-86,-86,0,0,0,0,0,0,0,-90,-59,-94
466,-2.0,3.0,Personal,-68,-69,-69,0,0,0,-80,-80,-80,-88,-78,0,0,0,0,0,0,-87,-93,-87,0,-87,-86,0,0,0,0,0,0,0,-91,-58,-95
467,-2.0,3.0,Personal,-69,-69,-69,0,0,0,-81,-81,-80,-89,-76,0,0,0,0,0,0,-86,-92,-87,0,-87,-86,0,0,0,0,0,0,0,-92,-59,-93
468,-2.0,3.0,Personal,-71,-69,-68,-77,-82,-81,-80,-80,-80,-88,-78,-81,0,0,0,0,0,-87,-89,-87,0,-87,-86,0,0,0,0,0,0,0,-85,-62,-91
469,-2.0,3.0,Personal,-68,-69,-68,0,0,0,-81,-82,-81,-88,-78,0,0,-69,-73,-74,0,-87,-94,-87,0,-86,-86,0,0,0,0,0,0,0,-87,-57,-92
470,-2.0,3.0,Personal,-68,-70,-67,0,0,0,-80,-80,-81,-88,-78,0,0,-69,0,-73,0,-87,-93,-87,0,-87,-85,0,0,0,0,0,0,0,-83,-61,-91
471,-2.0,3.0,Personal,-69,-69,-68,0,0,0,-80,-80,-80,-88,-80,0,0,0,0,0,0,-86,-93,-86,0,-87,-86,0,0,0,0,0,0,0,-86,-57,-93
472,-2.0,3.0,Personal,-68,-68,-68,0,0,0,-80,-80,-80,-88,-77,0,0,-70,-73,-75,0,-87,-90,-87,0,-85,-86,0,0,0,0,0,0,0,-87,-58,-95
473,-2.0,3.0,Personal,-70,-70,-68,0,0,0,-81,-80,-80,-89,-78,0,0,0,0,0,0,-88,-92,-88,0,-86,-86,0,0,0,0,0,0,0,-90,-58,-98
474,-2.0,3.0,Personal,-68,-70,-70,0,0,0,-80,-80,-81,-88,-80,0,0,-69,-73,-72,0,-86,-91,-87,0,-86,-86,0,0,0,0,0,0,0,-90,-58,-98
475,-2.0,2.0,Social,-68,-69,-69,-76,-78,-84,-85,-84,-85,-91,-81,-88,-89,-71,-75,-74,0,-81,-93,-81,-80,-89,-89,0,0,0,0,0,0,0,-85,-73,-90
476,-2.0,2.0,Social,-67,-68,-66,-72,-76,-76,-82,-81,-81,-92,-78,0,0,-72,-76,-77,0,-80,0,-80,-79,-89,0,0,0,0,0,0,0,0,-91,0,-88
477,-2.0,2.0,Social,-67,-68,-69,0,0,0,-85,-85,-84,-89,-90,-89,-91,-72,-76,-74,0,-80,0,-80,-80,0,-90,0,0,0,0,0,0,0,-89,-74,-89
478,-2.0,2.0,Social,-67,-67,-65,0,0,0,-83,-82,-82,-90,-88,-89,-88,0,0,0,0,-80,0,-80,-79,0,-88,0,0,0,0,0,0,0,-91,-74,-89
479,-2.0,2.0,Social,-68,-68,-67,0,0,0,-83,-84,-84,-89,0,-88,-91,0,0,0,-89,-80,0,-81,-80,0,-89,0,0,0,0,0,0,0,-91,-74,-88
480,-2.0,2.0,Social,-68,-68,-67,0,0,0,-81,-82,-82,-91,-83,-87,-87,-71,-75,-75,0,-80,0,-79,-80,-89,-91,0,0,0,0,0,0,0,-91,-72,-90
481,-2.0,2.0,Social,-68,-68,-66,0,0,0,-81,-81,-82,-91,-84,-87,-87,0,0,0,0,-80,0,-81,-81,0,0,0,0,0,0,0,0,0,-88,-75,-91
482,-2.0,2.0,Social,-69,-67,-67,0,0,0,-81,-81,-81,-89,-87,-89,-89,0,0,0,0,-80,0,-80,-80,0,0,0,0,0,0,0,0,0,-89,-74,-90
483,-2.0,2.0,Social,-70,-68,-67,-72,-76,-75,-82,-83,-83,-89,-85,-88,0,-71,-75,-74,0,-80,0,-81,-80,0,-88,0,0,0,0,0,0,0,-89,-75,-91
484,-2.0,2.0,Social,-64,-66,-68,0,0,0,-82,-82,-82,-89,-86,0,0,0,0,0,0,-80,0,-80,-80,0,-89,0,0,0,0,0,0,0,-87,-72,-90
485,-2.0,2.0,Social,-67,-68,-68,0,0,0,-82,-82,-82,-90,-86,-87,-91,0,0,0,-92,-80,0,-80,-80,0,-89,0,0,0,0,0,0,0,-86,-72,-96
486,-2.0,2.0,Social,-68,-68,-69,0,0,0,-83,-83,-83,-90,-81,-87,-90,0,0,0,0,-80,0,-80,-80,0,-89,0,0,0,0,0,0,0,-87,-72,-86
487,-2.0,2.0,Social,-69,-67,-66,0,0,0,-82,-83,-82,-90,-87,-87,0,0,0,0,0,-80,0,-80,-80,-90,-90,-94,0,0,0,0,0,0,-87,-74,-86
488,-2.0,2.0,Social,-68,-70,-67,0,0,0,-82,-82,-82,-89,-86,-86,-87,0,0,0,0,-79,0,-79,-80,-88,-88,0,0,0,0,0,0,0,-86,-72,-88
489,-2.0,2.0,Social,-70,-69,-68,0,0,0,-82,-83,-83,-90,0,-87,-87,0,0,0,0,-81,0,-80,-80,0,0,0,0,0,0,0,0,0,-87,-77,-88
490,-2.0,2.0,Social,-68,-68,-69,0,0,0,-80,-80,-80,-89,-85,-88,-88,0,0,0,-90,-81,0,-80,-80,0,0,0,0,0,0,0,0,0,-85,-77,-88
491,-2.0,2.0,Social,-65,-66,-67,0,0,0,-82,-83,-82,-89,-89,-86,-93,0,0,0,-89,-80,0,-80,-81,0,-89,0,0,0,0,0,0,0,-85,-75,-91
492,-2.0,2.0,Social,-67,-69,-68,0,0,0,-84,-84,-84,-90,-86,-85,0,0,0,0,0,-80,0,-80,-81,0,-90,0,0,0,0,0,0,0,-86,-74,-91
493,-2.0,2.0,Social,-69,-67,-66,0,0,0,-82,-82,-82,-90,-87,-88,-88,0,0,0,0,-80,0,-80,-80,0,-90,0,0,0,0,0,0,0,-86,-72,-89
494,-2.0,2.0,Social,-66,-68,-67,0,0,0,-82,-83,-83,-90,-85,-87,0,-72,-76,-76,0,-80,0,-80,-80,0,-89,0,0,0,0,0,0,0,-91,0,-87
495,-2.0,2.0,Social,-68,-68,-68,0,0,0,-82,-83,-83,-90,-86,-87,-89,-72,-75,-75,-87,-80,0,-80,-80,0,0,0,0,0,0,0,0,0,-91,-76,-87
496,-2.0,2.0,Social,-69,-67,-67,0,0,0,-83,-82,-82,-90,-81,-87,-91,0,0,0,0,-80,0,-80,-80,0,0,0,0,0,0,0,0,0,-89,-72,-91
497,-2.0,2.0,Social,-68,-68,-70,0,0,0,-82,-81,-82,-91,-87,-89,-88,0,0,0,0,-80,0,-80,-80,0,-90,0,0,0,0,0,0,0,-88,0,-91
498,-2.0,2.0,Social,-67,-67,-66,0,0,0,-82,-82,-82,-92,-88,-86,-89,0,0,0,0,-80,0,-80,-80,0,-89,0,0,0,0,0,0,0,-85,0,-91
499,-2.0,2.0,Social,-66,-70,-67,0,0,0,-85,-86,-85,-91,0,-88,-89,-71,-74,0,-89,-80,0,-80,-80,0,-90,0,0,0,0,0,0,0,-88,0,-97
500,-2.0,2.0,Social,-67,-69,-69,0,0,0,-83,-84,-83,-90,0,-87,-88,0,0,0,0,-81,0,-81,-81,0,-91,0,0,0,0,0,0,0,-88,-72,-85
501,-2.0,2.0,Social,-70,-66,-66,0,0,0,-82,-82,-82,-90,-88,-85,-89,0,0,0,0,-81,0,-80,-80,0,-90,0,0,0,0,0,0,0,-86,0,-88
502,-2.0,2.0,Social,-68,-68,-69,0,0,0,-81,-81,-81,-90,-81,-86,0,0,0,0,0,-80,0,-80,-80,-90,-89,0,0,0,0,0,0,0,-88,-76,-86
503,-2.0,2.0,Social,-69,-67,-67,0,0,0,-82,-81,-81,-91,-84,-86,-87,0,0,0,0,-80,0,-80,-81,0,0,0,0,0,0,0,0,0,-85,-74,-85
504,-2.0,2.0,Social,-65,-67,-65,0,0,0,-81,-81,-80,-91,-83,-86,-88,0,0,0,0,-80,0,-80,-79,0,0,0,0,0,0,0,0,0,-87,-77,-84
505,-1.0,1.0,Social,-60,-63,-61,0,0,0,-80,-81,-81,-94,-77,-88,0,-77,-79,-81,0,0,0,0,0,0,0,0,0,0,0,0,0,0,-82,0,-93
506,-1.0,1.0,Social,-61,-63,-61,-78,-79,-79,-81,-81,-81,-91,-79,0,0,-76,-79,-79,0,0,-92,0,0,0,-89,0,0,0,0,0,0,0,-83,-83,-93
507,-1.0,1.0,Social,-60,-63,-60,0,0,0,-81,-81,-81,-93,-79,0,0,0,0,0,0,0,-94,0,0,0,0,0,0,0,0,0,0,0,-83,-81,-91
508,-1.0,1.0,Social,-60,-64,-61,0,0,0,-81,-82,-82,-92,-79,0,0,-76,-79,-79,0,0,-92,0,0,0,0,0,0,0,0,0,0,0,-84,-82,-96
509,-1.0,1.0,Social,-61,-63,-59,0,0,0,-81,-82,-81,-92,-79,0,0,0,0,0,0,0,0,0,0,0,0,0,0,0,0,0,0,0,-83,0,-88
510,-1.0,1.0,Social,-61,-63,-60,-78,-79,-79,-81,-81,-80,-92,-79,0,0,0,0,0,0,0,-93,0,0,0,0,0,0,0,0,0,0,0,-83,-86,-86
511,-1.0,1.0,Social,-61,-63,-60,0,0,0,-81,-82,-82,-93,-78,0,0,0,0,0,0,0,-93,0,0,0,0,0,0,0,0,0,0,0,-78,-83,-88
512,-1.0,1.0,Social,-61,-62,-60,0,0,0,-81,-81,-81,-92,-79,0,0,0,0,0,0,0,-93,0,0,0,0,0,0,0,0,0,0,0,-84,0,-87
513,-1.0,1.0,Social,-60,-64,-61,0,0,0,-81,-81,-81,-92,-79,0,0,-76,-79,0,0,0,-91,0,0,0,0,0,0,0,0,0,0,0,-79,-82,-88
514,-1.0,1.0,Social,-61,-63,-61,0,0,0,-80,-81,-80,-91,-80,0,0,0,0,0,0,0,-92,0,0,0,0,0,0,0,0,0,0,0,-80,-88,-96
515,-1.0,1.0,Social,-62,-62,-60,0,0,0,-81,-81,-82,-92,-79,0,0,0,0,0,0,0,-91,0,0,0,0,0,0,0,0,0,0,0,-85,-86,-97
516,-1.0,1.0,Social,-61,-63,-61,0,0,0,-81,-80,-81,-92,-79,0,0,0,0,0,0,0,-90,0,0,0,0,0,0,0,0,0,0,0,-84,-82,-98
517,-1.0,1.0,Social,-60,-63,-59,0,0,0,-81,-82,-81,-91,-78,0,0,0,0,0,0,0,-92,0,0,0,-88,0,0,0,0,0,0,0,-84,-82,-97
518,-1.0,1.0,Social,-59,-62,-60,0,0,0,-81,-81,-81,-92,-79,0,0,0,0,0,0,0,-93,0,0,0,-88,0,0,0,0,0,0,0,-83,-82,-100
519,-1.0,1.0,Social,-59,-61,-59,0,0,0,-81,-81,-81,-93,-77,0,0,0,0,0,0,0,-93,0,0,0,0,0,0,0,0,0,0,0,-84,-82,-96
520,-1.0,1.0,Social,-61,-64,-61,0,0,0,-82,-81,-81,-91,-81,0,0,0,0,0,0,0,-92,0,0,0,-90,0,0,0,0,0,0,0,-84,-83,-92
521,-1.0,1.0,Social,-61,-63,-59,0,0,0,-81,-81,-81,-91,-83,0,0,0,0,0,0,0,-92,0,0,0,0,0,0,0,0,0,0,0,-84,-83,-95
522,-1.0,1.0,Social,-62,-63,-61,0,0,0,-81,-81,-81,-92,-78,0,0,-76,0,-80,0,0,-93,0,0,0,0,0,0,0,0,0,0,0,-83,-82,-97
523,-1.0,1.0,Social,-59,-63,-60,0,0,0,-82,-81,-81,-92,-78,0,0,0,0,0,0,0,-92,0,0,0,0,0,0,0,0,0,0,0,-84,0,-97
524,-1.0,1.0,Social,-62,-64,-60,0,0,0,-81,-81,-81,-93,-78,0,0,0,0,0,0,0,-92,0,0,0,-88,0,0,0,0,0,0,0,-85,0,-96
525,-1.0,1.0,Social,-61,-63,-61,0,0,0,-81,-81,-81,-92,-78,0,0,-76,-79,-79,0,0,-91,0,0,0,0,0,0,0,0,0,0,0,-84,-83,-96
526,-1.0,1.0,Social,-61,-63,-61,0,0,0,-81,-82,-81,-94,-79,0,0,0,0,0,0,0,-92,0,0,0,0,0,0,0,0,0,0,0,-85,-83,-95
527,-1.0,1.0,Social,-61,-63,-61,0,0,0,-81,-82,-82,-92,-77,0,0,0,0,0,0,0,-93,0,0,0,0,0,0,0,0,0,0,0,-84,0,-96
528,-1.0,1.0,Social,-61,-63,-60,0,0,0,-82,-82,-82,-93,-77,-88,0,-75,-79,-79,0,0,-91,0,0,0,0,0,0,0,0,0,0,0,-84,-81,-95
529,-1.0,1.0,Social,-60,-63,-62,0,0,0,-81,-81,-82,-91,-79,-86,0,0,0,0,0,0,-91,0,0,0,0,0,0,0,0,0,0,0,-85,-93,-93
530,-1.0,1.0,Social,-62,-64,-63,0,0,0,-82,-82,-82,-91,-77,-87,0,0,0,0,0,0,-93,0,0,0,0,0,0,0,0,0,0,0,-83,0,-94
531,-1.0,1.0,Social,-63,-64,-63,0,0,0,-82,-83,-82,-94,-79,0,0,0,0,0,0,0,-94,0,0,0,-88,0,0,0,0,0,0,0,-84,-80,-96
532,-1.0,1.0,Social,-64,-63,-63,0,0,0,-82,-81,-81,-92,-76,0,0,-75,-79,-78,0,0,-93,0,0,0,0,0,0,0,0,0,0,0,-84,-82,-88
533,-1.0,1.0,Social,-62,-63,-64,0,0,0,-82,-83,-82,-92,-79,0,0,-77,-81,-82,0,0,-94,0,0,0,-89,0,0,0,0,0,0,0,-84,-82,-87
534,-1.0,1.0,Social,-64,-64,-62,0,0,0,-81,-82,-82,-90,-78,0,0,0,0,0,0,0,-93,0,0,0,0,0,0,0,0,0,0,0,-80,-82,-87
535,0.0,1.0,Social,0,0,0,0,0,0,0,0,0,-88,-83,-83,-89,0,0,-78,-88,0,-95,0,0,0,0,0,0,0,0,0,0,0,-84,-88,-85
536,0.0,1.0,Social,0,0,-61,0,0,0,-79,-79,-79,-89,-82,-81,-90,-72,-77,-77,0,0,0,0,0,0,0,0,0,0,0,0,0,0,-98,-86,-84
537,0.0,1.0,Social,0,0,0,0,0,0,-80,-79,-80,-90,-83,-83,-92,-74,-79,-81,-89,0,0,0,0,0,0,0,0,0,0,0,0,0,-86,-84,-84
538,0.0,1.0,Social,0,0,0,0,0,0,0,0,0,-90,-82,-83,-91,-75,-83,-81,-88,0,-96,0,0,0,0,0,0,0,0,0,0,0,-98,-84,-83
539,0.0,1.0,Social,0,0,0,0,0,0,-79,-80,-80,-91,-82,-83,-91,-74,-83,-80,-91,0,-95,0,0,0,0,0,0,0,0,0,0,0,-96,0,-84
540,0.0,1.0,Social,0,0,0,0,0,-81,-80,-79,-80,-90,-83,-83,0,0,0,0,0,0,-96,0,0,0,0,0,0,0,0,0,0,0,-88,-85,-84
541,0.0,1.0,Social,0,0,0,0,0,0,-80,-81,-81,-91,-85,-83,-90,0,0,0,-91,0,0,0,0,0,0,0,0,0,0,0,0,0,-94,0,-84
542,0.0,1.0,Social,0,0,0,0,0,0,-80,-80,-79,-90,-82,-83,-91,0,0,0,-90,0,0,0,0,0,0,0,0,0,0,0,0,0,-98,0,-84
543,0.0,1.0,Social,0,0,0,0,0,0,-80,-80,-80,-92,-79,-82,0,0,0,0,-91,0,0,0,0,0,0,0,0,0,0,0,0,0,-90,-84,-84
544,0.0,1.0,Social,0,0,0,-78,-86,-87,-78,-79,-80,-90,-80,-83,-92,-74,-77,-77,-93,0,0,0,0,0,0,0,0,0,0,0,0,0,-89,-86,-83
545,0.0,1.0,Social,0,0,0,0,0,0,-79,-79,-79,-91,-81,-83,0,-74,-78,-77,-90,0,0,0,0,0,0,0,0,0,0,0,0,0,-89,-84,-84
546,0.0,1.0,Social,0,0,0,0,0,0,-80,-79,-80,-91,-81,-83,-90,-73,-79,-78,-91,0,-97,0,0,0,0,0,0,0,0,0,0,0,-89,-83,-84
547,0.0,1.0,Social,0,0,0,0,0,0,-79,-79,-79,-90,-82,-84,-92,-74,-78,-78,-90,0,0,0,0,0,0,0,0,0,0,0,0,0,-89,-86,-84
548,0.0,1.0,Social,0,0,0,0,0,0,-79,-79,-79,-90,-81,-84,-90,-73,-77,-78,-90,0,0,0,0,0,0,0,0,0,0,0,0,0,-89,-82,-84
549,0.0,1.0,Social,0,0,0,0,0,0,-79,-79,-80,-91,-82,-83,-90,-74,-77,-78,-90,0,0,0,0,0,0,0,0,0,0,0,0,0,-88,-84,-84
550,0.0,1.0,Social,0,0,0,0,0,0,-79,-79,-79,-91,-79,-84,0,-73,-81,-78,-91,0,-95,0,0,0,0,0,0,0,0,0,0,0,-89,-86,-84
551,0.0,1.0,Social,0,0,0,0,0,0,-79,-79,-79,-91,-82,-83,-92,-74,-79,-78,-89,0,-94,0,0,0,0,0,0,0,0,0,0,0,-89,-84,-84
552,0.0,1.0,Social,0,0,0,0,0,0,-79,-79,-79,-91,-80,0,0,-74,-78,-78,0,0,-93,0,0,0,0,0,0,0,0,0,0,0,-88,-84,-84
553,0.0,1.0,Social,0,0,0,0,0,0,-79,-79,-78,-90,-81,-83,-91,-73,-77,-76,-92,0,0,0,0,0,0,0,0,0,0,0,0,0,-86,-84,-84
554,0.0,1.0,Social,0,0,0,0,0,0,-79,-78,-79,-90,-81,-83,-92,-75,-79,-79,0,0,-94,0,0,0,0,0,0,0,0,0,0,0,-87,-85,-84
555,0.0,1.0,Social,-62,-63,-63,-78,0,0,-79,-79,-79,-90,-80,-84,0,-74,-80,-78,-91,0,0,0,0,0,0,0,0,0,0,0,0,0,-87,-82,-84
556,0.0,1.0,Social,0,-63,-61,0,0,0,-79,-79,-79,-90,-81,-83,0,-74,-78,-79,0,0,0,0,0,0,0,0,0,0,0,0,0,0,-86,-84,-84
557,0.0,1.0,Social,0,-62,-61,-78,0,-86,-79,-79,-79,-89,-80,-83,-92,-73,-76,-80,-92,0,-94,0,0,0,0,0,0,0,0,0,0,0,-87,-84,-83
558,0.0,1.0,Social,0,-63,-61,-78,0,0,-79,-79,-79,-89,-82,-83,-89,-73,-78,-76,-92,0,0,0,0,0,0,0,0,0,0,0,0,0,-86,-86,-83
559,0.0,1.0,Social,0,-62,-61,0,0,0,-79,-78,-78,-92,-80,-84,-90,-73,-80,-76,-93,0,-97,0,0,0,0,0,0,0,0,0,0,0,-88,-86,-84
560,0.0,1.0,Social,0,-63,-62,0,0,0,-80,-80,-80,-91,-81,-84,-91,-75,-77,-77,-89,0,0,0,0,0,0,0,0,0,0,0,0,0,-87,-83,-84
561,0.0,1.0,Social,0,-62,-63,0,0,0,-79,-79,-79,-90,-82,-84,-90,-74,-78,-78,-92,0,0,0,0,0,0,0,0,0,0,0,0,0,-87,-84,-84
562,0.0,1.0,Social,0,-63,-62,0,0,0,-80,-80,-79,-90,-81,-85,0,-73,-78,-77,-92,0,0,0,0,0,0,0,0,0,0,0,0,0,-88,-81,-84
563,0.0,1.0,Social,0,0,0,-78,-85,0,-80,-79,-80,-92,-82,-83,-89,-73,-78,-77,-90,0,0,0,0,0,0,0,0,0,0,0,0,0,-88,-82,-85
564,0.0,1.0,Social,0,0,0,0,0,0,-79,-79,-79,-90,-83,-83,-89,-73,-77,-78,-90,0,0,0,0,0,0,0,0,0,0,0,0,0,-87,-84,-84
565,-2.0,1.0,Social,-70,-65,-62,-78,-80,0,-82,-82,-82,-84,-87,-86,-84,0,-78,-80,-84,-88,-93,-87,-85,0,0,0,0,0,0,0,0,0,-92,0,-78
566,-2.0,1.0,Social,-66,-64,-67,-72,0,-70,-81,-82,-81,-85,-87,0,0,0,-79,0,0,-86,-94,-86,0,0,0,0,0,0,0,0,0,0,-88,0,-78
567,-2.0,1.0,Social,-64,-63,-63,0,0,0,-80,-81,-80,-84,-88,-85,0,0,0,0,0,0,-94,0,0,0,0,0,0,0,0,0,0,0,-80,0,-79
568,-2.0,1.0,Social,-64,-62,-63,0,0,0,-81,-80,-81,-83,0,-84,-87,-75,-77,-94,-88,-89,-94,0,0,0,0,0,0,0,0,0,0,0,-88,0,-78
569,-2.0,1.0,Social,-63,-62,-63,0,0,0,-81,-81,-81,-83,-88,0,0,-75,-79,-78,0,0,-94,0,0,0,0,0,0,0,0,0,0,0,-78,-90,-80
570,-2.0,1.0,Social,-62,-61,-62,0,0,0,-81,-81,-80,-83,-87,-84,-88,0,0,0,-88,0,-95,-87,0,0,0,0,0,0,0,0,0,0,-78,0,-79
571,-2.0,1.0,Social,-65,-63,-63,0,0,0,-80,-81,-80,-83,-89,-86,-87,0,0,0,-89,0,-93,0,0,0,0,0,0,0,0,0,0,0,-79,0,-86
572,-2.0,1.0,Social,-62,0,-63,0,0,0,-80,-80,-80,-84,-88,-85,-88,-76,-89,-78,-89,0,-92,0,0,0,0,0,0,0,0,0,0,0,-76,0,-86
573,-2.0,1.0,Social,-63,-62,-64,0,0,0,-80,-79,-80,-83,-90,-86,-89,0,0,0,-89,0,-93,0,0,0,0,0,0,0,0,0,0,0,-78,-93,-87
574,-2.0,1.0,Social,-65,-63,-63,0,0,0,-79,-79,-79,-83,-90,-85,-88,0,0,0,-89,0,-92,0,0,0,0,0,0,0,0,0,0,0,-79,0,-86
575,-2.0,1.0,Social,-64,-63,-63,0,0,0,-79,-79,-79,-83,-90,-85,-89,0,0,0,-88,0,-94,0,0,0,0,0,0,0,0,0,0,0,-78,0,-87
576,-2.0,1.0,Social,-64,-62,-62,0,0,0,-79,-80,-80,-83,-90,-85,-90,-76,-77,-78,-89,-88,-92,0,0,0,0,0,0,0,0,0,0,0,-78,-88,-78
577,-2.0,1.0,Social,-64,-63,-63,0,0,0,-80,-80,-80,-84,-90,-85,-93,0,0,-79,-90,0,-94,0,0,0,0,0,0,0,0,0,0,0,-79,0,-78
578,-2.0,1.0,Social,-64,-63,-63,0,0,0,-79,-79,-80,-83,-89,-85,-89,0,0,0,-89,0,-94,0,0,0,0,0,0,0,0,0,0,0,-88,0,-78
579,-2.0,1.0,Social,-63,-63,-62,0,0,0,-79,-80,-80,-84,-89,-86,-90,0,0,0,-90,0,-93,0,0,0,0,0,0,0,0,0,0,0,-78,-92,-80
580,-2.0,1.0,Social,-62,-62,-64,0,0,0,-79,-80,-80,-84,-91,-84,0,0,0,0,-88,0,-94,0,0,0,0,0,0,0,0,0,0,0,-76,0,-86
581,-2.0,1.0,Social,-63,-63,-64,0,0,0,-80,-80,-80,-83,-96,-84,-89,0,0,0,-89,0,-93,0,0,0,0,0,0,0,0,0,0,0,-78,0,-87
582,-2.0,1.0,Social,-63,-64,-63,-70,-73,-71,-81,-80,-80,-84,-91,-84,-89,0,0,0,-89,0,-95,0,0,0,0,0,0,0,0,0,0,0,-78,-92,-86
583,-2.0,1.0,Social,-64,-63,-64,0,0,0,-80,-80,-80,-84,-88,-85,-89,0,0,-78,-91,0,-95,0,0,0,0,0,0,0,0,0,0,0,-87,-86,-86
584,-2.0,1.0,Social,-63,-64,-63,0,0,0,-80,-80,-80,-83,-93,-84,-90,0,0,0,-88,-88,-95,0,0,0,0,0,0,0,0,0,0,0,-77,0,-85
585,-2.0,1.0,Social,-65,-63,-63,0,0,0,-80,-80,-80,-83,-91,-84,-90,0,0,0,-89,0,-94,0,0,0,0,0,0,0,0,0,0,0,-79,-85,-78
586,-2.0,1.0,Social,-66,-63,-64,0,0,0,-79,-78,-79,-83,-87,0,0,-76,0,-79,0,0,-94,-87,0,0,0,0,0,0,0,0,0,0,-79,0,-79
587,-2.0,1.0,Social,-63,-65,-68,0,0,0,-81,-81,-81,-83,-85,0,0,0,0,0,0,-89,-93,-88,0,0,0,0,0,0,0,0,0,0,-78,0,-78
588,-2.0,1.0,Social,-68,-63,-63,0,0,0,-80,-81,-80,-84,-93,0,0,0,0,0,0,-88,-94,-88,0,0,0,0,0,0,0,0,0,0,-83,0,-77
589,-2.0,1.0,Social,-69,-64,-69,0,0,0,-83,-83,-83,-85,-85,-86,-85,0,0,-77,-85,-89,-95,0,0,0,0,0,0,0,0,0,0,0,-89,-86,-78
590,-2.0,1.0,Social,-69,-64,-66,0,-71,0,-82,-82,-82,-84,-82,-84,-84,-75,-77,0,-84,-89,-94,-89,0,0,0,0,0,0,0,0,0,0,-77,-89,-80
591,-2.0,1.0,Social,-65,-62,-62,0,0,0,-83,-83,-83,-84,-91,-85,-86,0,-78,0,-86,-88,-95,-88,0,0,0,0,0,0,0,0,0,0,-88,-88,-78
592,-2.0,1.0,Social,-62,-63,-65,-70,-72,-73,-84,-83,-84,-84,-88,-86,-86,-76,-79,-79,-86,0,-94,0,0,0,0,0,0,0,0,0,0,0,-88,0,-80
593,-2.0,1.0,Social,-64,-61,-63,0,0,0,-82,-82,-83,-84,-89,0,0,0,0,0,0,0,-93,-90,0,0,0,0,0,0,0,0,0,0,-86,0,-80
594,-2.0,1.0,Social,-65,-63,-66,0,0,0,-81,-81,-81,-82,-85,-84,-84,0,0,0,-84,-91,-96,0,0,0,0,0,0,0,0,0,0,0,-89,-84,-80
595,-2.0,0.0,Social,-67,-64,-68,0,0,0,-80,-80,-80,-93,-82,0,0,-81,-85,-87,0,-85,-89,-86,0,0,0,0,0,0,0,0,0,0,-69,-88,-80
596,-2.0,0.0,Social,-66,-66,-67,-76,-78,-78,-78,-78,-78,-90,-81,-85,0,-77,-81,-80,-89,-87,-89,-87,0,0,0,0,0,0,0,0,0,0,-70,-84,-80
597,-2.0,0.0,Social,-67,-66,-68,0,0,0,-79,-80,-80,-90,-79,-86,-86,-77,-80,0,-89,-88,-90,-88,0,0,0,0,0,0,0,0,0,0,-70,0,-82
598,-2.0,0.0,Social,-68,-64,-66,0,0,0,-77,-77,-77,-89,-79,0,0,0,0,0,0,-88,-93,-88,0,0,0,0,0,0,0,0,0,0,-69,0,-82
599,-2.0,0.0,Social,-66,-64,-66,0,0,0,-78,-78,-78,-89,-82,0,0,0,0,0,0,-88,-91,-87,0,0,0,0,0,0,0,0,0,0,-68,-90,-82
600,-2.0,0.0,Social,-65,-64,-64,-78,-78,-80,-78,-78,-78,-90,-80,0,0,-77,-79,-80,0,-88,-94,-88,0,0,0,0,0,0,0,0,0,0,-69,0,-82
601,-2.0,0.0,Social,-66,-63,-64,-76,-79,0,-78,-78,-78,-90,-81,0,0,0,0,0,0,-89,-94,-88,0,0,0,0,0,0,0,0,0,0,-69,0,-82
602,-2.0,0.0,Social,-66,-66,-64,-78,-79,-79,-77,-77,-77,-92,-81,-87,-89,-77,-80,-79,-84,-88,-92,-88,0,0,0,0,0,0,0,0,0,0,-70,0,-80
603,-2.0,0.0,Social,-64,-64,-65,-73,-75,-75,-75,-75,-75,-89,-80,-85,-89,0,0,0,-88,-87,-96,-88,-87,0,0,0,0,0,0,0,0,0,-70,-90,-79
604,-2.0,0.0,Social,-67,-64,-64,0,0,0,-79,-78,-79,-91,-78,-86,-90,-78,-82,-81,-91,-89,-92,-87,0,0,0,0,0,0,0,0,0,0,-69,0,-80
605,-2.0,0.0,Social,-66,-68,-65,0,0,0,-77,-78,-77,-90,-81,0,0,-75,-79,-77,0,-89,-91,-89,0,0,0,0,0,0,0,0,0,0,-68,-92,-80
606,-2.0,0.0,Social,-65,0,0,0,0,0,-77,-77,-77,-90,-83,0,0,0,0,0,0,-87,-97,-86,0,0,0,0,0,0,0,0,0,0,-69,-81,-80
607,-2.0,0.0,Social,-65,-65,-63,-75,-76,-78,-77,-76,-77,-90,-81,0,0,-76,-78,-78,0,-88,-92,-88,0,0,0,0,0,0,0,0,0,0,-69,0,-80
608,-2.0,0.0,Social,-68,-68,-67,-75,-75,-75,-76,-77,-77,-91,-79,-86,-88,-78,-81,-80,-87,-86,-92,-86,0,0,0,0,0,0,0,0,0,0,-69,-84,-82
609,-2.0,0.0,Social,-67,-67,-68,-76,-77,-79,-77,-77,-77,-90,-80,-87,-92,0,0,0,0,-88,-95,-88,0,0,0,0,0,0,0,0,0,0,-69,0,-79
610,-2.0,0.0,Social,-69,-67,-68,0,0,0,-76,-76,-76,-90,-79,-87,0,0,0,0,0,-87,-92,-86,0,0,0,0,0,0,0,0,0,0,-70,0,-82
611,-2.0,0.0,Social,-67,-67,-68,0,0,0,-78,-77,-78,-90,-79,-88,-90,-76,-80,-79,0,-87,-94,-88,0,0,0,0,0,0,0,0,0,0,-69,0,-80
612,-2.0,0.0,Social,-69,-68,-68,-77,0,-80,-77,-77,-77,-90,0,-88,0,0,0,0,0,-87,-92,-87,0,0,0,0,0,0,0,0,0,0,-70,0,-81
613,-2.0,0.0,Social,-69,-68,-67,0,0,0,-77,-77,-77,-89,-81,-87,-88,-75,-79,-77,-87,-89,-93,-88,0,0,0,0,0,0,0,0,0,0,-70,-87,-80
614,-2.0,0.0,Social,-70,-69,-70,0,0,0,-79,-79,-79,-90,-80,-87,-88,0,0,0,0,-88,-92,-88,0,0,0,0,0,0,0,0,0,0,-70,-84,-82
615,-2.0,0.0,Social,-67,-68,-68,0,0,0,-77,-77,-78,-90,-80,-86,0,-73,-75,-78,0,-87,-91,-87,0,0,0,0,0,0,0,0,0,0,-70,-85,-83
616,-2.0,0.0,Social,-71,-68,-69,0,0,0,-78,-78,-78,-90,-80,-85,0,0,0,0,0,-88,-94,-88,0,0,0,0,0,0,0,0,0,0,-70,-94,-80
617,-2.0,0.0,Social,-70,-69,-69,0,0,0,-78,-79,-78,-89,0,-86,0,-73,-76,-77,0,-87,-93,-87,0,0,0,0,0,0,0,0,0,0,-68,-93,-81
618,-2.0,0.0,Social,-65,-68,-68,0,-75,-77,-78,-78,-78,-90,-81,-86,-89,0,0,0,-89,-88,-91,-88,0,0,0,0,0,0,0,0,0,0,-70,-92,-80
619,-2.0,0.0,Social,-67,-68,-68,0,0,0,-78,-78,-78,-90,-79,-85,-91,0,0,0,0,-87,-92,-88,0,0,0,0,0,0,0,0,0,0,-69,-94,-80
620,-2.0,0.0,Social,-68,-68,-68,0,0,0,-77,-76,-77,-91,-81,-86,-89,-74,-77,-76,0,-87,-91,-89,0,0,0,0,0,0,0,0,0,0,-70,0,-80
621,-2.0,0.0,Social,-68,-68,-68,0,0,0,-79,-79,-79,-89,-82,-87,-87,-73,-78,-77,0,-89,-91,-89,0,0,0,0,0,0,0,0,0,0,-68,-90,-79
622,-2.0,0.0,Social,-68,-69,-69,0,0,0,-79,-79,-79,-90,-82,-87,0,0,0,0,0,-87,-90,-87,0,0,0,0,0,0,0,0,0,0,-70,-90,-79
623,-2.0,0.0,Social,-65,-69,-67,0,0,0,-78,-77,-78,-90,-81,-89,-89,-73,-91,-75,-89,-87,-92,-88,0,0,0,0,0,0,0,0,0,0,-68,-84,-80
624,-2.0,0.0,Social,-68,-68,-66,0,0,0,-79,-79,-79,-88,-79,-88,-89,-75,-80,-80,0,-88,-92,-88,0,0,0,0,0,0,0,0,0,0,-74,-93,-92
625,-1.0,0.0,Social,-70,-63,-65,-79,0,-82,-77,-77,-77,-93,-89,-85,-85,-74,-78,-78,-86,-88,-92,0,0,0,0,0,0,0,0,0,0,0,-79,0,-84
626,-1.0,0.0,Social,-69,-64,-67,-75,-78,-78,-75,-75,-76,-92,-82,-87,-88,-76,-82,-82,-87,-90,-90,-90,0,0,0,0,0,0,0,0,0,0,-75,-90,-82
627,-1.0,0.0,Social,-68,-65,-67,-74,-77,-76,-76,-77,-76,-91,-83,-88,-90,-75,-78,-76,0,-88,-91,-88,0,0,0,0,0,0,0,0,0,0,-78,-89,-84
628,-1.0,0.0,Social,-71,-65,-66,-74,-76,-77,-76,-76,-76,-93,-82,-90,0,-73,-78,-78,0,-87,-91,-88,-87,0,0,0,0,0,0,0,0,0,-76,-89,-83
629,-1.0,0.0,Social,-72,-67,-71,0,-75,0,-76,-76,-76,-94,-82,-91,-89,0,-79,-80,-91,-88,-91,-87,0,0,0,0,0,0,0,0,0,0,-77,-89,-94
630,-1.0,0.0,Social,-71,-67,-69,-73,-75,-75,-76,-76,-76,-93,-81,-90,-89,0,0,0,0,-86,-90,-87,0,0,0,0,0,0,0,0,0,0,-83,-88,-92
631,-1.0,0.0,Social,-71,-67,-69,-75,-74,-73,-76,-76,-75,-92,-83,-91,0,0,0,0,0,-87,-89,-88,0,0,0,0,0,0,0,0,0,0,-76,-86,-96
632,-1.0,0.0,Social,-71,-70,-72,0,0,0,-75,-75,-76,-92,-83,-88,0,0,0,0,0,-87,-92,-88,0,0,0,0,0,0,0,0,0,0,-85,-87,-100
633,-1.0,0.0,Social,-71,-69,-73,0,0,0,-75,-75,-76,-90,-84,-90,0,0,0,0,0,-87,-89,-89,0,0,0,0,0,0,0,0,0,0,-85,0,-91
634,-1.0,0.0,Social,-73,-69,-71,0,0,0,-76,-76,-76,-92,0,0,0,-74,-78,-78,0,-88,-91,-88,0,0,0,0,0,0,0,0,0,0,-85,-86,-97
635,-1.0,0.0,Social,-72,-70,-71,-73,-73,-75,-75,-75,-76,-92,-81,-91,0,-74,-78,-78,-90,-87,-91,-88,0,0,0,0,0,0,0,0,0,0,-76,-85,-86
636,-1.0,0.0,Social,-74,-68,-72,0,0,0,-75,-75,-75,-92,0,-91,0,-74,-79,-79,0,-89,-89,-88,0,0,0,0,0,0,0,0,0,0,-76,0,-94
637,-1.0,0.0,Social,-73,-69,-72,-73,-74,-75,-76,-75,-75,-91,-84,0,-90,0,0,0,0,-88,-91,-88,0,0,0,0,0,0,0,0,0,0,-86,0,-96
638,-1.0,0.0,Social,-75,-69,-72,0,0,0,-76,-76,-76,-92,-82,-88,0,0,0,0,0,-88,-91,-89,0,0,0,0,0,0,0,0,0,0,-85,-87,-94
639,-1.0,0.0,Social,-73,-69,-72,0,0,0,-75,-76,-75,-93,0,-89,0,0,0,0,0,-89,-91,-89,0,0,0,0,0,0,0,0,0,0,-84,-86,-96
640,-1.0,0.0,Social,-72,-68,-70,-73,-73,-74,-75,-75,-76,-92,-84,-89,0,-73,-77,-78,0,-87,-90,-89,0,0,0,0,0,0,0,0,0,0,-84,-86,-94
641,-1.0,0.0,Social,-73,-69,-71,-72,-72,-74,-75,-75,-75,-92,-92,0,-90,-73,-78,-77,-89,-87,-90,-87,0,0,0,0,0,0,0,0,0,0,-84,-83,-77
642,-1.0,0.0,Social,-73,-69,-74,0,0,0,-75,-75,-74,-92,-85,-89,0,0,0,0,0,-88,-92,-87,0,0,0,0,0,0,0,0,0,0,-85,-86,-77
643,-1.0,0.0,Social,-74,-68,-71,0,0,0,-75,-76,-76,-91,-84,-88,0,0,0,0,0,-87,-90,-88,0,0,0,0,0,0,0,0,0,0,-85,-84,-78
644,-1.0,0.0,Social,-74,-67,-71,-73,-74,-75,-76,-76,-76,-91,-82,-90,0,-73,-79,-78,0,-86,-90,-86,0,0,0,0,0,0,0,0,0,0,-75,-88,-78
645,-1.0,0.0,Social,-74,-69,-73,-73,-73,-75,-75,-76,-76,-91,-84,-89,0,0,0,0,0,-88,0,-88,0,0,0,0,0,0,0,0,0,0,-77,0,-78
646,-1.0,0.0,Social,-73,-69,-73,0,0,0,-76,-76,-76,-91,-84,-90,-90,0,0,0,0,-87,-91,-88,0,0,0,0,0,0,0,0,0,0,-76,0,-76
647,-1.0,0.0,Social,-74,-69,-72,-73,-73,-73,-76,-76,-75,-93,-84,-90,-88,-74,-78,-79,0,-88,-91,-87,0,0,0,0,0,0,0,0,0,0,-75,-85,-84
648,-1.0,0.0,Social,-73,-69,-73,0,0,0,-76,-75,-76,-92,0,-89,0,0,0,0,0,-87,-91,-88,0,0,0,0,0,0,0,0,0,0,-76,0,-84
649,-1.0,0.0,Social,-68,-67,-71,0,0,0,-75,-75,-75,-94,-84,-89,0,-74,-78,-78,0,-88,-89,-87,0,0,0,0,0,0,0,0,0,0,-75,-90,-84
650,-1.0,0.0,Social,-68,-66,-69,-73,-75,-76,-75,-76,-76,-93,-83,-88,-90,-75,-81,-81,0,-88,-89,-88,0,0,0,0,0,0,0,0,0,0,-76,0,-83
651,-1.0,0.0,Social,-69,-66,-70,0,0,0,-76,-76,-75,-95,-81,-89,-89,0,0,0,0,-87,-92,-87,0,0,0,0,0,0,0,0,0,0,-76,-88,-85
652,-1.0,0.0,Social,-69,-67,-67,-75,-76,-75,-75,-75,-75,-92,-82,-91,-90,-72,-77,-77,0,-89,-92,-88,0,0,0,0,0,0,0,0,0,0,-77,-89,-85
653,-1.0,0.0,Social,-70,-67,-70,0,0,0,-75,-74,-74,-92,-83,-88,-90,-73,-78,-78,0,-89,-90,-88,0,0,0,0,0,0,0,0,0,0,-77,-91,-97
654,-1.0,0.0,Social,-70,-69,-69,-74,-77,-75,-75,-75,-76,-93,-82,-91,-88,-73,-77,-77,0,-87,-90,-87,0,0,0,0,0,0,0,0,0,0,-87,-88,-85
655,0.0,0.0,Social,-76,-66,-70,0,0,0,-72,-72,-72,-88,0,-81,-87,-78,-80,-78,0,-88,-93,-89,0,0,0,0,0,0,0,0,0,0,-81,0,-78
656,0.0,0.0,Social,0,0,0,-76,-80,-80,-73,-74,-74,-91,-86,0,0,-78,-80,0,0,-90,-92,0,0,0,0,0,0,0,0,0,0,0,-76,-85,-81
657,0.0,0.0,Social,0,0,0,0,0,0,-74,-74,-75,-92,-86,0,0,0,0,0,0,0,-91,0,0,0,0,0,0,0,0,0,0,0,-76,-88,-81
658,0.0,0.0,Social,-69,-61,-68,0,0,0,-74,-73,-73,-91,-83,0,0,0,0,0,0,0,-93,0,0,0,0,0,0,0,0,0,0,0,-81,0,-80
659,0.0,0.0,Social,0,0,0,0,0,0,-73,-73,-73,-91,0,0,0,0,0,0,0,0,-93,0,0,0,0,0,0,0,0,0,0,0,-80,-87,-80
660,0.0,0.0,Social,0,0,0,0,0,0,-73,-73,-73,-89,-85,0,0,0,0,0,0,0,-93,0,0,0,0,0,0,0,0,0,0,0,-76,0,-80
661,0.0,0.0,Social,0,0,0,0,0,0,-74,-74,-74,-91,-83,0,0,0,0,0,0,0,-92,0,0,0,0,0,0,0,0,0,0,0,-84,-84,-80
662,0.0,0.0,Social,0,0,0,0,0,0,-74,-74,-74,-91,0,0,0,0,0,0,0,0,-92,0,0,0,0,0,0,0,0,0,0,0,-76,-88,-80
663,0.0,0.0,Social,-68,-59,-69,0,0,0,-74,-74,-74,-91,-87,0,0,0,0,0,0,0,-93,0,0,0,0,0,0,0,0,0,0,0,-83,-86,-80
664,0.0,0.0,Social,0,0,0,0,0,0,-74,-73,-73,-91,0,0,0,0,0,0,0,0,-92,0,0,0,0,0,0,0,0,0,0,0,-83,-84,-80
665,0.0,0.0,Social,0,0,0,0,0,0,-74,-74,-74,-91,-83,0,0,0,0,0,0,0,-92,0,0,0,0,0,0,0,0,0,0,0,-85,-90,-80
666,0.0,0.0,Social,0,0,0,0,0,0,-74,-73,-74,-91,0,0,0,0,0,0,0,0,-93,0,0,0,0,0,0,0,0,0,0,0,-81,0,-80
667,0.0,0.0,Social,0,0,0,0,0,0,-74,-73,-73,-89,0,0,0,-78,-83,-84,0,0,-92,0,0,0,0,0,0,0,0,0,0,0,-82,0,-80
668,0.0,0.0,Social,0,0,0,0,0,0,-74,-74,-74,-90,-84,0,0,0,0,0,0,0,0,0,0,0,0,0,0,0,0,0,0,0,-80,0,-80
669,0.0,0.0,Social,0,0,0,0,0,0,-75,-74,-74,-90,-85,0,0,0,-81,0,0,0,-92,0,0,0,0,0,0,0,0,0,0,0,-82,-84,-81
670,0.0,0.0,Social,0,0,0,0,0,0,-74,-74,-74,-89,-84,0,0,0,0,0,0,0,-94,0,0,0,0,0,0,0,0,0,0,0,0,0,-81
671,0.0,0.0,Social,-71,-62,-71,0,0,0,-74,-74,-74,-90,-86,0,0,0,0,0,0,0,-90,0,0,0,0,0,0,0,0,0,0,0,-82,0,-82
672,0.0,0.0,Social,-69,-60,-68,0,0,0,-74,-73,-73,-89,-85,0,0,0,0,0,0,0,-92,0,0,0,0,0,0,0,0,0,0,0,-76,0,-82
673,0.0,0.0,Social,0,0,0,0,0,0,-75,-74,-74,-90,0,0,0,-79,-92,-80,0,0,-94,0,0,0,0,0,0,0,0,0,0,0,-81,0,-82
674,0.0,0.0,Social,0,0,0,0,0,0,-74,-74,-74,-89,0,0,0,0,0,0,0,0,-93,0,0,0,0,0,0,0,0,0,0,0,-76,0,-82
675,0.0,0.0,Social,0,0,0,0,0,0,-70,-71,-71,-93,-86,0,0,0,0,0,0,-89,-91,0,0,0,0,0,0,0,0,0,0,0,-92,0,-89
676,0.0,0.0,Social,0,0,0,0,0,0,-71,-72,-72,-91,-86,0,0,0,0,0,0,0,-90,0,0,0,0,0,0,0,0,0,0,0,-93,0,-88
677,0.0,0.0,Social,-71,-63,-71,0,0,0,-72,-72,-71,-92,-84,0,0,-79,-82,-81,0,-88,-91,0,0,0,0,0,0,0,0,0,0,0,-82,-80,-90
678,0.0,0.0,Social,0,0,0,0,0,0,-73,-71,-72,-92,-81,0,0,0,0,0,0,-89,-91,-90,0,0,0,0,0,0,0,0,0,0,-81,0,-91
679,0.0,0.0,Social,0,0,0,0,0,0,-72,-72,-72,-91,-83,0,0,0,0,0,0,0,-89,0,0,0,0,0,0,0,0,0,0,0,-88,0,-86
680,0.0,0.0,Social,0,0,0,0,0,0,-72,-71,-71,-94,-83,0,0,0,0,0,0,0,-90,0,0,0,0,0,0,0,0,0,0,0,-78,0,-89
681,0.0,0.0,Social,0,0,0,0,0,0,-73,-73,-73,-93,-88,0,0,-79,-87,-88,0,0,-89,0,0,0,0,0,0,0,0,0,0,0,-89,-84,-78
682,0.0,0.0,Social,0,0,0,-74,0,-77,-73,-72,-73,-95,0,0,0,0,0,0,0,0,0,0,0,0,0,0,0,0,0,0,0,0,-86,-88,-77
683,0.0,0.0,Social,0,0,0,0,0,0,-73,-73,-73,-93,0,0,0,-78,0,-84,0,-89,0,-88,0,0,0,0,0,0,0,0,0,0,-83,-81,-77
684,0.0,0.0,Social,0,0,0,0,0,0,-73,-73,-73,-93,-84,0,0,-79,-86,-86,0,-89,-92,-89,0,0,0,0,0,0,0,0,0,0,-77,0,-77
685,1.0,1.0,Social,-68,-65,-71,-84,0,0,-82,-85,-84,0,-81,-86,0,-74,-77,-74,0,0,-94,0,0,0,0,0,0,0,0,0,0,0,-96,0,-83
686,1.0,1.0,Social,-70,-64,-69,0,0,-90,-84,-84,-84,-94,-80,-86,-87,-72,-76,0,-89,-90,-93,0,0,0,0,0,0,0,0,0,0,0,-88,-97,-84
687,1.0,1.0,Social,-68,-64,-67,0,0,0,0,-84,-84,-94,-78,-86,-89,0,0,0,-87,0,-91,0,0,0,0,0,0,0,0,0,0,0,-86,0,-85
688,1.0,1.0,Social,-71,-64,-68,0,0,0,0,-85,-85,-93,-80,-85,-88,0,0,0,-89,0,-96,0,0,0,0,0,0,0,0,0,0,0,-89,-96,-87
689,1.0,1.0,Social,-69,-65,-68,0,0,0,0,-84,-86,0,-80,0,-87,0,0,0,-86,0,-92,0,0,0,0,0,0,0,0,0,0,0,-97,0,-87
690,1.0,1.0,Social,-69,-65,-67,0,0,0,0,-85,-85,-94,-80,-85,-87,0,0,0,-86,0,-93,0,0,0,0,0,0,0,0,0,0,0,-88,0,-88
691,1.0,1.0,Social,-67,-65,-67,0,0,0,0,-86,-86,-95,-81,-85,-86,0,0,0,-87,0,0,0,0,0,0,0,0,0,0,0,0,0,-88,0,-88
692,1.0,1.0,Social,-66,-62,-68,0,0,0,0,-85,-85,-94,-80,-86,-85,0,0,0,-87,0,-94,0,0,0,0,0,0,0,0,0,0,0,-88,-87,-88
693,1.0,1.0,Social,-68,-63,-68,0,0,0,0,-86,-85,0,-83,-86,-86,-72,-74,-77,-87,0,-92,0,0,0,0,0,0,0,0,0,0,0,-88,-88,-88
694,1.0,1.0,Social,-69,-63,-68,0,0,0,0,-84,-85,-94,-81,-86,-86,-72,-76,-75,-85,0,-94,0,0,0,0,0,0,0,0,0,0,0,-90,0,-88
695,1.0,1.0,Social,-68,-64,-68,0,0,0,0,-84,-84,-95,-79,-85,-86,0,0,0,-86,0,-91,0,0,0,0,0,0,0,0,0,0,0,-83,0,-88
696,1.0,1.0,Social,-69,-64,-70,0,0,0,-84,-84,-84,-96,-80,-85,-85,0,0,0,-85,0,-93,0,0,0,0,0,0,0,0,0,0,0,-85,0,-87
697,1.0,1.0,Social,-68,-63,-68,0,0,0,0,-84,-85,-94,-81,-84,-88,-71,-75,-77,-88,0,-93,0,0,0,0,0,0,0,0,0,0,0,-84,-93,-89
698,1.0,1.0,Social,-69,-64,-69,0,0,0,-83,-84,-84,0,-81,-84,-87,0,0,0,-87,-91,-94,0,0,0,0,0,0,0,0,0,0,0,-88,-88,-86
699,1.0,1.0,Social,-70,-64,-68,0,0,0,-85,-84,-84,0,-81,-84,-89,0,0,0,-90,0,-94,0,0,0,0,0,0,0,0,0,0,0,-85,0,-86
700,1.0,1.0,Social,-69,-64,-68,0,0,0,0,-84,-85,-93,-79,0,0,0,0,0,0,0,-95,0,0,0,0,0,0,0,0,0,0,0,-87,-93,-88
701,1.0,1.0,Social,-69,-63,-68,0,0,0,0,-84,-85,-94,-82,-85,-88,0,0,0,-87,0,0,0,0,0,0,0,0,0,0,0,0,0,-91,-94,-85
702,1.0,1.0,Social,-69,-64,-69,-83,0,0,0,-85,-84,-94,-78,-83,-87,0,0,0,-87,-92,-95,0,0,0,0,0,0,0,0,0,0,0,-91,0,-85
703,1.0,1.0,Social,-68,-64,-67,0,0,0,0,-85,-84,-95,-80,-84,-87,0,0,0,-88,-92,0,0,0,0,0,0,0,0,0,0,0,0,-90,-92,-86
704,1.0,1.0,Social,-68,-64,-68,0,0,0,0,-84,-85,-94,-82,-84,-85,0,0,0,-85,-90,0,0,0,0,0,0,0,0,0,0,0,0,-89,-92,-86
705,1.0,1.0,Social,-69,-65,-69,0,0,0,0,-85,-85,-95,-80,-84,-87,0,0,0,-87,0,-92,0,0,0,0,0,0,0,0,0,0,0,-85,-90,-85
706,1.0,1.0,Social,-69,-64,-67,0,0,0,0,-83,-83,-95,-79,-84,-88,0,0,0,-88,0,-93,0,0,0,0,0,0,0,0,0,0,0,-87,-91,-85
707,1.0,1.0,Social,-69,-64,-68,0,0,0,0,-84,-83,0,-80,-85,-88,0,0,0,-87,0,-93,0,0,0,0,0,0,0,0,0,0,0,-83,-93,-84
708,1.0,1.0,Social,-70,-64,-67,0,0,0,0,-84,-85,0,-78,-85,-85,-71,-76,-76,-87,0,-92,0,0,0,0,0,0,0,0,0,0,0,-83,0,-86
709,1.0,1.0,Social,-68,-64,-70,0,0,0,-85,-84,-85,-95,-81,-85,-86,0,0,0,-85,0,-93,0,0,0,0,0,0,0,0,0,0,0,-84,-88,-85
710,1.0,1.0,Social,-67,-64,-69,0,0,0,0,-86,-85,-93,-79,-84,-88,0,0,0,-87,0,-92,0,0,0,0,0,0,0,0,0,0,0,-84,-93,-85
711,1.0,1.0,Social,-71,-65,-70,0,0,0,0,-84,-85,-96,-82,-84,-88,0,0,0,-89,0,-94,0,0,0,0,0,0,0,0,0,0,0,-88,-94,-85
712,1.0,1.0,Social,-69,-65,-69,0,0,0,0,-85,-85,-95,-78,0,0,-72,-76,0,0,0,-95,0,0,0,0,0,0,0,0,0,0,0,-93,0,-88
713,1.0,1.0,Social,-69,-65,-68,0,0,0,0,-85,-85,-93,-78,-85,0,-72,-76,-76,-89,0,-93,0,0,0,0,0,0,0,0,0,0,0,-91,0,-89
714,1.0,1.0,Social,-69,-64,-68,-85,0,0,0,-84,-84,-95,-80,0,0,0,0,0,0,0,-94,0,0,0,0,0,0,0,0,0,0,0,-91,-87,-89
715,1.0,0.0,Social,-61,-62,-61,0,0,-80,-78,-78,-78,-92,-82,0,0,-74,-77,-74,0,-90,-92,-89,0,0,0,0,0,0,0,0,0,0,-88,-89,-92
716,1.0,0.0,Social,-61,-63,-60,0,0,0,-78,-77,-77,-93,-95,0,0,0,0,0,0,-88,-90,-89,0,0,0,0,0,0,0,0,0,0,-89,-80,-87
717,1.0,0.0,Social,-61,-60,-60,0,0,0,-79,-79,-79,-92,-85,0,0,0,0,0,0,-90,-91,-89,0,0,0,0,0,0,0,0,0,0,-80,-86,-89
718,1.0,0.0,Social,-62,-62,-61,0,0,0,-79,-79,-79,-93,-85,0,0,0,0,0,0,-89,-90,-90,0,0,0,0,0,0,0,0,0,0,-91,-85,-92
719,1.0,0.0,Social,-61,-62,-60,-85,-87,-89,-79,-79,-79,-93,-85,0,0,0,0,0,0,-89,-91,-90,0,0,0,0,0,0,0,0,0,0,-91,-86,-84
720,1.0,0.0,Social,-61,-62,-60,0,0,0,-78,-78,-78,-93,-84,0,0,0,0,0,0,-89,-90,0,0,0,0,0,0,0,0,0,0,0,-92,-81,-81
721,1.0,0.0,Social,-60,-62,-59,0,0,0,-78,-78,-77,-92,-83,0,0,0,0,0,0,-91,-91,-90,0,0,0,0,0,0,0,0,0,0,-84,-82,-83
722,1.0,0.0,Social,-60,-62,-60,0,0,0,-77,-78,-78,-93,0,0,0,0,-73,0,0,-91,-92,-90,0,0,-90,0,0,0,0,0,0,0,-93,-81,-82
723,1.0,0.0,Social,-60,-61,-62,0,-87,0,-78,-78,-78,-93,0,0,0,0,0,0,0,-89,-90,-91,0,0,0,0,0,0,0,0,0,0,-84,-80,-83
724,1.0,0.0,Social,-60,-61,-59,0,0,0,-78,-78,-78,-92,-85,0,0,0,0,0,0,0,-91,0,0,0,-90,0,0,0,0,0,0,0,-90,0,-82
725,1.0,0.0,Social,-62,-62,-59,0,0,0,-78,-78,-78,-92,-85,0,0,0,0,0,0,0,-91,-90,0,0,0,0,0,0,0,0,0,0,-90,-82,-82
726,1.0,0.0,Social,-60,-62,-61,-84,-86,-86,-78,-78,-78,-92,-82,0,0,0,0,0,0,0,-93,0,0,0,0,0,0,0,0,0,0,0,-92,0,-80
727,1.0,0.0,Social,-59,-62,-60,0,0,0,-78,-79,-78,-93,-84,0,0,0,0,0,0,-91,-92,0,0,0,0,0,0,0,0,0,0,0,-84,0,-83
728,1.0,0.0,Social,-61,-62,-60,0,0,0,-78,-78,-78,-92,-84,0,0,-71,-90,-74,0,-91,-92,-91,0,0,0,0,0,0,0,0,0,0,-84,0,-81
729,1.0,0.0,Social,-60,-62,-59,-86,-88,-86,-78,-78,-78,-94,-83,0,0,0,0,0,0,-90,-88,0,0,0,0,0,0,0,0,0,0,0,-91,-88,-82
730,1.0,0.0,Social,-60,-62,-59,0,0,0,-77,-78,-78,-93,-85,0,0,0,0,0,0,-91,-91,-90,0,0,0,0,0,0,0,0,0,0,-81,-86,-90
731,1.0,0.0,Social,-62,-62,-60,0,0,0,-78,-78,-78,-94,-82,0,0,0,0,0,0,0,-92,0,0,0,0,0,0,0,0,0,0,0,-82,0,-90
732,1.0,0.0,Social,-61,-62,-59,0,0,0,-78,-79,-79,-92,-82,0,0,-73,-73,-74,0,0,-91,0,0,0,0,0,0,0,0,0,0,0,-83,-88,-90
733,1.0,0.0,Social,-60,-62,-60,-85,-85,-87,-79,-78,-79,-93,-83,0,0,0,0,0,0,-90,-91,0,0,0,0,0,0,0,0,0,0,0,-85,-88,-90
734,1.0,0.0,Social,-61,-62,-59,-85,-85,-86,-78,-78,-78,-93,-81,0,0,-70,-74,-73,0,-90,-91,0,0,0,0,0,0,0,0,0,0,0,-84,-80,-83
735,1.0,0.0,Social,-61,-62,-60,0,0,0,-78,-78,-78,-91,-85,0,0,-70,-74,-74,0,-90,-91,-91,0,0,0,0,0,0,0,0,0,0,-98,-88,-82
736,1.0,0.0,Social,-60,-63,-61,0,0,0,0,0,0,-94,-84,0,0,-74,-73,-74,0,0,0,0,0,0,-89,0,0,0,0,0,0,0,-83,-80,-81
737,1.0,0.0,Social,-62,-64,-63,0,0,0,-78,-78,-78,-92,-82,0,0,-70,-89,-74,0,-91,-89,0,0,0,0,0,0,0,0,0,0,0,-86,-82,-85
738,1.0,0.0,Social,-59,-63,-60,-84,-87,-88,-77,-77,-77,-93,-82,0,0,0,0,0,0,-91,-90,0,0,0,0,0,0,0,0,0,0,0,-84,-87,-94
739,1.0,0.0,Social,-61,-62,-61,-86,-88,-89,-77,-76,-77,-93,-81,0,0,-70,-74,-74,0,0,-91,0,0,0,0,0,0,0,0,0,0,0,-85,-80,-93
740,1.0,0.0,Social,-59,-62,-59,0,0,0,-77,-77,-77,-91,-81,0,0,0,0,0,0,-90,0,-90,0,0,0,0,0,0,0,0,0,0,-88,-82,-91
741,1.0,0.0,Social,-59,-62,-58,0,0,0,-78,-77,-77,-92,-84,0,0,0,0,0,0,-89,-91,0,0,0,0,0,0,0,0,0,0,0,-86,-86,-91
742,1.0,0.0,Social,-61,-63,-60,0,0,0,-78,-77,-78,-93,-81,0,0,0,0,0,0,0,-89,0,0,0,0,0,0,0,0,0,0,0,-88,-88,-83
743,1.0,0.0,Social,-62,-62,-60,0,0,0,-79,-79,-78,-93,-82,0,0,0,0,0,0,0,-89,0,0,0,0,0,0,0,0,0,0,0,-87,-87,-82
744,1.0,0.0,Social,-60,-62,-60,0,0,0,-78,-77,-78,-90,-84,0,0,0,0,0,0,0,-91,0,0,0,0,0,0,0,0,0,0,0,-86,-86,-84
745,2.0,0.0,Social,-62,-60,-59,0,0,0,-82,-82,-82,-82,-80,-85,-84,0,0,0,0,0,-91,0,0,0,0,0,-94,0,0,0,0,0,-90,0,-76
746,2.0,0.0,Social,-60,-61,-60,-77,0,0,-85,-84,-84,-82,-82,-84,-84,-73,-79,-80,0,-92,-93,-90,0,0,0,0,-94,0,0,0,0,0,-86,-78,-74
747,2.0,0.0,Social,-60,-60,-60,0,0,0,-83,-84,-84,-82,-92,-84,-86,0,0,0,-84,0,-93,0,0,0,0,0,-95,0,0,0,0,0,-88,-74,-76
748,2.0,0.0,Social,-61,-61,-60,-79,-79,-77,-83,-83,-83,-82,0,-84,-83,0,0,0,-83,-91,-94,-90,0,0,0,0,-96,0,0,0,0,0,0,-77,-74
749,2.0,0.0,Social,-61,-61,-59,0,0,0,-83,-83,-82,-82,-78,-84,-84,0,0,0,-83,-91,-92,-87,0,0,0,0,-93,0,0,0,0,0,-83,0,-75
750,2.0,0.0,Social,-59,-59,-58,-79,-81,-82,-83,-83,-83,-82,0,-87,-85,0,0,0,0,0,-92,0,0,0,0,0,0,0,0,0,0,0,-86,-76,-74
751,2.0,0.0,Social,-62,-62,-61,-78,-80,-79,-82,-82,-82,-82,-80,-85,-88,0,0,0,0,0,-91,0,0,0,0,0,-94,0,0,0,0,0,-89,0,-75
752,2.0,0.0,Social,-62,-62,-63,0,0,0,-81,-81,-82,-82,-79,-87,-83,0,0,0,-85,-88,-88,-89,0,0,0,0,-94,0,0,0,0,0,-83,0,-75
753,2.0,0.0,Social,-61,-61,-60,-78,-80,-82,-84,-83,-83,-83,-81,-84,-85,0,0,0,-86,-90,-92,-88,0,0,0,0,0,0,0,0,0,0,-84,-75,-74
754,2.0,0.0,Social,-63,-61,-62,0,0,0,-83,-83,-84,-82,-78,-85,-84,0,0,0,-84,0,-89,0,0,0,0,0,-93,0,0,0,0,0,-84,-75,-74
755,2.0,0.0,Social,-63,-59,-58,0,0,0,-83,-83,-83,-82,-80,0,0,0,0,0,0,0,0,0,0,0,0,0,-94,0,0,0,0,0,-83,-76,-73
756,2.0,0.0,Social,-62,-61,-62,0,0,0,-82,-82,-82,-82,0,-85,-86,-72,-89,-75,-84,0,-92,0,0,0,0,0,-94,-95,0,0,0,0,-84,0,-74
757,2.0,0.0,Social,-59,-61,-59,0,0,0,-84,-84,-84,-82,-79,-84,-84,0,0,0,-84,0,-90,0,0,0,0,0,-94,0,0,0,0,0,-84,0,-74
758,2.0,0.0,Social,-62,-61,-61,-74,-76,-76,-84,-84,-84,-82,-80,-84,-86,0,0,0,-85,0,-91,-92,0,0,0,0,-94,0,0,0,0,0,-84,0,-74
759,2.0,0.0,Social,-60,-60,-60,0,0,0,-83,-83,-83,-82,-81,-85,-86,0,0,0,-85,0,-92,-90,0,0,0,0,-95,-93,0,0,0,0,-84,-76,-77
760,2.0,0.0,Social,-59,-60,-59,-75,-77,0,-83,-84,-84,-82,-79,-84,-85,0,0,0,-84,-89,-93,0,0,0,0,0,-95,0,0,0,0,0,-91,-92,-76
761,2.0,0.0,Social,-59,-61,-60,-79,-81,-82,-84,-83,-84,-82,-80,-86,-84,0,0,0,-83,0,-93,-91,0,0,0,0,-94,-94,0,0,0,0,-83,-75,-75
762,2.0,0.0,Social,-62,-61,-60,-78,-79,-79,-82,-81,-81,-82,-81,-85,-84,0,0,0,-85,-90,-91,0,0,0,0,0,-93,0,0,0,0,0,-82,-90,-76
763,2.0,0.0,Social,-61,-61,-60,0,0,0,-82,-82,-83,-82,-80,-84,-85,0,0,0,-85,0,-92,-89,0,0,0,0,-95,0,0,0,0,0,-87,-74,-76
764,2.0,0.0,Social,-59,-59,-59,-78,-80,-81,-82,-83,-82,-83,-80,-84,-85,0,0,0,0,0,-91,0,0,0,0,0,-93,0,0,0,0,0,-86,-89,-76
765,2.0,0.0,Social,-62,-62,-60,-76,-76,-77,-83,-83,-83,-82,-78,-86,-85,0,0,0,0,-90,-90,-89,0,0,0,0,-96,0,0,0,0,0,-87,0,-75
766,2.0,0.0,Social,-62,-61,-60,-79,0,0,-84,-84,-83,-82,-77,-84,-85,0,0,0,0,0,-94,0,0,0,0,0,-94,0,0,0,0,0,-89,0,-76
767,2.0,0.0,Social,-60,-62,-59,0,0,0,-82,-82,-82,-83,-79,-84,-84,-75,-74,-75,-84,0,-93,0,0,0,0,0,-94,-94,0,0,0,0,-86,-77,-76
768,2.0,0.0,Social,-61,-61,-60,0,0,0,-84,-84,-82,-82,-81,-85,-86,0,0,0,-86,0,-94,0,0,0,0,0,-93,0,0,0,0,0,-84,0,-76
769,2.0,0.0,Social,-59,-62,-60,-78,-79,-79,-82,-82,-82,-82,-81,-84,-83,0,0,0,-84,-89,-91,0,0,0,0,0,-94,0,0,0,0,0,-85,-88,-75
770,2.0,0.0,Social,-61,-61,-60,0,0,0,-83,-83,-82,-82,-78,-85,-83,-73,-74,-76,-85,-89,-91,-89,0,0,0,0,-94,0,0,0,0,0,-87,0,-74
771,2.0,0.0,Social,-59,-61,-59,0,0,0,-84,-84,-84,-82,-79,-84,-83,0,0,0,-83,0,-92,0,0,0,0,0,0,0,0,0,0,0,-88,0,-75
772,2.0,0.0,Social,-61,-61,-59,-77,-77,-78,-83,-83,-83,-83,-79,-84,-84,0,0,0,-84,0,-93,-90,0,0,0,0,-94,-94,0,0,0,0,-84,0,-77
773,2.0,0.0,Social,-61,-60,-61,0,0,0,0,-85,-84,-83,-78,-84,-83,0,0,0,-83,0,-95,0,0,0,0,0,-94,0,0,0,0,0,0,0,-77
774,2.0,0.0,Social,-61,-60,-61,-77,-79,-80,-83,-84,-83,-84,-79,-85,-85,0,0,0,-83,0,-94,0,0,0,0,0,-94,0,0,0,0,0,-84,-75,-77
775,2.0,-1.0,Public,-72,-63,-71,0,0,0,-81,-81,-81,-90,-90,-82,-81,-76,-77,-78,-81,-88,-92,-87,0,0,0,0,0,0,0,0,0,0,-93,-84,-63
776,2.0,-1.0,Public,-70,-64,-71,-78,-81,-81,-81,-81,-81,-90,-81,0,0,0,0,0,0,-86,0,-86,-86,0,0,0,0,0,0,0,0,0,-90,0,-62
777,2.0,-1.0,Public,-73,-64,-71,-73,-75,-75,-81,-81,-81,-91,-82,0,0,0,0,0,0,-90,-95,-89,0,0,0,0,0,0,0,0,0,0,-90,-83,-63
778,2.0,-1.0,Public,-73,-63,-72,0,0,0,-80,-80,-80,-91,-82,0,0,0,0,0,0,0,-94,0,0,0,0,0,0,0,0,0,0,0,-90,-86,-63
779,2.0,-1.0,Public,-72,-63,-72,-76,-78,-78,-81,-81,-81,-91,-80,0,0,0,0,0,0,0,-94,0,0,0,0,0,0,0,0,0,0,0,-88,0,-63
780,2.0,-1.0,Public,-71,-62,-70,-76,-77,-76,-82,-82,-82,-92,-83,0,0,0,0,0,0,-92,-94,-89,0,0,0,0,0,0,0,0,0,0,-88,-90,-63
781,2.0,-1.0,Public,-71,-63,-71,0,0,0,-82,-81,-82,-92,-80,0,0,0,0,0,0,0,-91,0,0,0,0,0,0,0,0,0,0,0,-92,-90,-60
782,2.0,-1.0,Public,-71,-62,-71,-75,-75,-76,-82,-82,-82,-91,-80,0,0,0,0,0,0,0,-93,0,0,0,0,0,0,0,0,0,0,0,-90,-89,-58
783,2.0,-1.0,Public,-72,-63,-68,-76,-77,-77,-82,-82,-82,-90,-81,0,0,-77,0,-88,0,0,-93,0,0,0,0,0,0,0,0,0,0,0,-91,0,-60
784,2.0,-1.0,Public,-70,-63,-72,-75,-75,-76,-81,-81,-81,-91,-82,0,0,0,-79,-79,0,0,-94,0,0,0,0,0,0,0,0,0,0,0,-90,0,-60
785,2.0,-1.0,Public,-69,-63,-71,0,0,-77,-81,-81,-81,-91,-81,0,0,0,0,0,0,0,-93,0,0,0,0,0,0,0,0,0,0,0,-96,-79,-58
786,2.0,-1.0,Public,-71,-62,-69,-78,-78,-80,-81,-81,-81,-89,-79,0,0,0,0,0,0,-88,-91,0,0,0,0,0,0,0,0,0,0,0,-92,-87,-60
787,2.0,-1.0,Public,-72,-64,-73,0,0,0,-80,-80,-80,-91,-82,0,0,0,0,0,0,-90,-93,-90,0,0,0,0,0,0,0,0,0,0,-93,-87,-60
788,2.0,-1.0,Public,-70,-64,-71,0,0,0,-81,-81,-81,-92,-79,0,0,0,0,0,0,0,-96,0,0,0,0,0,0,0,0,0,0,0,-88,-96,-60
789,2.0,-1.0,Public,-70,-63,-73,0,0,0,-81,-81,-81,-90,-80,0,0,0,0,0,0,-91,-93,0,0,0,0,0,0,0,0,0,0,0,-88,0,-60
790,2.0,-1.0,Public,-72,-64,-72,0,0,0,-81,-81,-81,-91,-82,0,0,0,0,0,0,0,-94,0,0,0,0,0,0,0,0,0,0,0,-90,-88,-60
791,2.0,-1.0,Public,-72,-63,-70,0,0,0,-81,-81,-81,-90,-81,0,0,0,0,0,0,0,-93,0,0,0,0,0,0,0,0,0,0,0,-90,-83,-60
792,2.0,-1.0,Public,-71,-63,-70,-77,-77,-77,-81,-80,-80,-90,0,0,0,0,0,0,0,0,-92,0,0,0,0,0,0,0,0,0,0,0,-89,0,-62
793,2.0,-1.0,Public,-73,-63,-72,-76,-78,-77,-81,-81,-81,-91,-85,0,0,-78,-79,-79,0,0,-93,0,0,0,0,0,0,0,0,0,0,0,-92,0,-63
794,2.0,-1.0,Public,-71,-63,-71,-76,-77,-76,-80,-80,-80,-92,-82,0,0,0,0,0,0,0,-91,0,0,0,0,0,0,0,0,0,0,0,-93,-78,-63
795,2.0,-1.0,Public,-71,-63,-71,0,0,0,-81,-81,-81,-90,-81,0,0,0,0,0,0,0,-92,0,0,0,0,0,0,0,0,0,0,0,-88,-78,-60
796,2.0,-1.0,Public,-71,-63,-72,-75,-77,-76,-81,-81,-81,-90,-79,0,0,0,0,0,0,0,-93,0,0,0,0,0,0,0,0,0,0,0,-89,0,-60
797,2.0,-1.0,Public,-72,-63,-69,0,0,0,-80,-80,-80,-89,-81,0,0,0,0,0,0,0,-92,0,0,0,0,0,0,0,0,0,0,0,-90,-84,-60
798,2.0,-1.0,Public,-70,-63,-71,-75,-76,-78,-81,-81,-81,-90,-80,0,0,0,0,0,0,0,-93,0,0,0,0,0,0,0,0,0,0,0,-90,-83,-58
799,2.0,-1.0,Public,-71,-63,-71,0,0,0,-80,-81,-80,-89,-81,0,0,0,0,0,0,0,-94,0,0,0,0,0,0,0,0,0,0,0,-91,0,-60
800,2.0,-1.0,Public,-72,-63,-71,0,0,0,-80,-80,-80,-91,-83,0,0,0,0,0,0,0,-94,0,0,0,0,0,0,0,0,0,0,0,-92,0,-63
801,2.0,-1.0,Public,-72,-63,-71,-76,-76,-78,-80,-81,-80,-91,-83,0,0,0,0,0,0,0,-94,0,0,0,0,0,0,0,0,0,0,0,-91,0,-58
802,2.0,-1.0,Public,-71,-63,-71,0,0,0,-81,-81,-81,-90,-80,0,0,0,0,0,0,0,-92,0,0,0,0,0,0,0,0,0,0,0,-88,-80,-58
803,2.0,-1.0,Public,-70,-64,-70,-76,-78,-76,-81,-81,-81,-90,-80,0,0,0,0,0,0,0,-94,0,0,0,0,0,0,0,0,0,0,0,-91,0,-60
804,2.0,-1.0,Public,-71,-64,-71,-77,-78,-78,-81,-81,-80,-91,-82,0,0,0,0,0,0,0,-91,0,0,0,0,0,0,0,0,0,0,0,-90,0,-59
805,1.0,-1.0,Public,-64,-65,-61,-78,-80,-80,0,-85,-87,-89,-76,0,0,0,0,0,-85,0,-92,0,0,0,0,0,0,0,0,0,0,0,-80,-78,-75
806,1.0,-1.0,Public,-62,-65,-63,-79,-83,0,0,0,-87,-87,-78,0,0,-78,-88,-86,0,0,0,0,0,0,0,0,0,0,0,0,0,0,-82,0,-75
807,1.0,-1.0,Public,-62,-64,-62,-81,-84,-85,0,-86,-87,-87,-79,0,0,0,0,0,0,0,0,0,0,0,0,0,0,0,0,0,0,0,-91,-91,-87
808,1.0,-1.0,Public,-61,-64,-61,0,0,0,-86,-86,-87,-89,-79,0,0,0,0,0,0,0,0,0,0,0,0,0,0,0,0,0,0,0,-83,-79,-82
809,1.0,-1.0,Public,-62,-64,-63,-81,0,-84,0,-86,-85,-88,0,0,0,0,0,0,0,0,0,0,0,0,0,0,0,0,-89,-90,0,0,-97,0,-84
810,1.0,-1.0,Public,-63,-64,-61,-80,-84,-84,0,-85,-86,-88,-78,0,0,0,0,0,0,0,-98,0,0,0,0,0,0,0,0,0,0,0,-95,-80,-83
811,1.0,-1.0,Public,-62,-64,-62,0,0,0,0,-85,-86,-87,0,0,0,0,0,0,0,0,0,0,0,0,0,0,0,0,0,0,0,0,-96,0,-84
812,1.0,-1.0,Public,-63,-64,-61,0,0,0,0,0,-86,-88,-77,0,0,0,0,0,0,0,0,0,0,0,0,0,0,0,-89,0,0,0,-94,0,-75
813,1.0,-1.0,Public,-63,-63,-61,-81,0,-85,0,0,-86,-88,-77,0,0,0,0,0,0,0,0,0,0,0,0,0,0,0,0,0,0,0,-96,-80,-73
814,1.0,-1.0,Public,-63,-64,-61,0,0,-84,0,-85,-86,-89,0,-80,-82,0,0,0,-82,0,0,0,0,0,0,0,0,0,0,0,0,0,-96,-84,-76
815,1.0,-1.0,Public,-63,-64,-61,0,0,0,0,0,-86,-88,-77,0,0,0,-86,0,0,0,0,0,0,0,0,0,0,0,0,0,0,0,-98,0,-76
816,1.0,-1.0,Public,-62,-64,-61,0,0,-84,0,-86,-86,-88,-78,0,0,0,0,0,0,0,0,0,0,0,0,0,0,0,0,0,0,0,-97,-83,-76
817,1.0,-1.0,Public,-63,-64,-63,-80,0,-85,0,-84,-84,-87,-77,0,0,0,0,0,0,0,0,0,0,0,0,0,0,0,0,0,0,0,-96,-83,-75
818,1.0,-1.0,Public,-62,-63,-62,0,0,0,0,0,-85,-88,-78,0,0,-79,-89,0,0,0,0,0,0,0,0,0,0,0,0,0,0,0,-85,0,-75
819,1.0,-1.0,Public,-62,-63,-61,0,0,0,0,-85,-85,-88,-78,0,0,0,0,0,0,0,0,0,0,0,0,0,0,0,0,0,0,0,-93,-82,-76
820,1.0,-1.0,Public,-61,-63,-61,0,0,0,0,-85,-85,-87,-79,0,0,0,0,0,0,0,0,0,0,0,0,0,0,0,0,0,0,0,-93,-90,-76
821,1.0,-1.0,Public,-63,-63,-61,0,0,0,0,-85,-85,-88,0,0,0,-78,-89,-89,0,0,0,0,0,0,0,0,0,0,0,0,0,0,-96,-87,-76
822,1.0,-1.0,Public,-64,-63,-63,0,0,0,0,-85,-85,-88,-77,0,0,0,0,0,0,0,0,0,0,0,0,0,0,0,-89,0,0,0,0,-82,-76
823,1.0,-1.0,Public,-62,-62,-61,0,0,0,0,-84,-84,-87,-80,0,0,0,0,0,0,0,0,0,0,0,0,0,0,0,0,0,0,0,-95,-81,-80
824,1.0,-1.0,Public,-68,-65,-65,0,0,0,-81,-81,-82,-88,0,0,0,0,0,0,0,0,-92,0,0,0,0,0,0,0,0,0,0,0,-99,-85,-74
825,1.0,-1.0,Public,-63,-65,-62,0,0,0,-87,-85,-87,-88,-79,0,0,0,0,0,0,0,0,0,0,0,0,0,0,0,0,0,0,0,-96,-84,-83
826,1.0,-1.0,Public,-62,-65,-61,0,0,0,0,0,-87,-87,-81,0,0,0,0,0,0,0,0,0,0,0,0,0,0,0,0,0,0,0,-85,-78,-75
827,1.0,-1.0,Public,-61,-65,-63,0,0,0,0,0,-89,-87,0,0,0,-78,-85,-86,0,0,0,0,0,0,0,0,0,0,0,0,0,0,-86,-81,-76
828,1.0,-1.0,Public,-62,-64,-62,0,0,0,0,-87,-86,-88,-78,0,0,0,0,0,0,0,0,0,0,0,0,0,0,0,0,0,0,0,-85,0,-74
829,1.0,-1.0,Public,-61,-64,-63,0,0,0,0,-85,-86,-87,-79,0,0,0,0,0,0,0,0,0,0,0,0,0,0,0,0,0,0,0,-95,-80,-74
830,1.0,-1.0,Public,-63,-64,-62,0,0,0,0,-85,-85,-87,0,0,0,0,0,0,0,0,0,0,0,0,0,0,0,0,0,0,0,0,-86,-84,-82
831,1.0,-1.0,Public,-63,-64,-62,0,0,0,0,-87,-86,-88,-78,0,0,0,0,0,0,-89,0,0,0,0,0,0,0,0,0,0,0,0,-85,0,-81
832,1.0,-1.0,Public,-62,-63,-62,0,0,0,0,-85,-86,-87,-78,0,0,0,0,0,0,0,0,0,0,0,0,0,0,0,0,0,0,0,-86,-93,-80
833,1.0,-1.0,Public,-62,-64,-63,0,0,0,0,-85,-86,-87,-78,0,0,0,0,0,0,0,0,0,0,0,0,0,0,0,0,0,0,0,-96,-80,-81
834,1.0,-1.0,Public,-63,-64,-61,0,0,0,0,-85,-86,-89,-79,0,0,0,0,0,0,0,0,0,0,0,0,0,0,0,0,0,0,0,-101,-80,-80
835,0.0,-1.0,Public,-59,-56,-59,0,0,0,-79,-78,-79,-88,-89,0,0,0,0,0,0,-86,-94,-85,0,0,0,0,0,0,0,0,0,0,-88,0,-74
836,0.0,-1.0,Public,-57,-57,-60,0,0,-75,-78,-78,-78,-88,-88,0,0,-73,-77,0,0,-86,-91,-86,0,0,0,0,0,0,0,0,0,0,-86,0,-76
837,0.0,-1.0,Public,-58,-56,-59,0,0,0,-79,-79,-79,-88,-89,0,0,0,0,0,0,-85,-93,-86,0,0,0,0,0,0,-85,0,-87,0,-84,-85,-76
838,0.0,-1.0,Public,-60,-58,-62,0,0,0,-80,-80,-80,-89,-89,0,0,0,0,0,0,-85,-94,-85,0,0,0,0,0,0,0,0,0,0,-83,0,-76
839,0.0,-1.0,Public,-61,-57,-59,0,0,0,-79,-79,-78,-87,-88,0,0,0,0,0,0,-85,-92,-84,0,0,0,0,0,0,0,0,0,0,-83,0,-74
840,0.0,-1.0,Public,-59,-56,-59,0,0,0,-79,-79,-79,-87,-76,0,0,0,0,0,0,-84,-90,-84,0,0,0,0,0,0,0,0,0,0,-85,0,-74
841,0.0,-1.0,Public,-59,-56,-58,0,0,0,-79,-79,-78,-86,0,0,0,0,0,0,0,-85,-90,-85,0,0,0,0,0,0,0,-90,0,0,-82,-80,-74
842,0.0,-1.0,Public,-59,-57,-60,0,0,0,-79,-79,-79,-87,-87,0,0,0,0,0,0,-84,-93,-85,0,0,0,0,0,0,0,0,0,0,-85,0,-76
843,0.0,-1.0,Public,-60,-57,-58,0,0,0,-79,-79,-79,-86,-87,0,0,0,0,0,0,-85,0,-85,0,0,0,0,0,0,0,0,0,0,-83,0,-76
844,0.0,-1.0,Public,-60,-56,-59,0,0,0,-79,-79,-79,-88,-90,0,0,0,0,0,0,-84,-92,-85,0,0,0,0,0,0,0,0,0,0,-83,-81,-75
845,0.0,-1.0,Public,-58,-55,-58,0,0,0,-79,-79,-79,-87,0,0,0,0,0,0,0,-85,-89,-85,0,0,0,0,0,0,0,0,0,0,-82,-93,-75
846,0.0,-1.0,Public,-61,-57,-59,0,0,0,-80,-79,-80,-87,-89,0,0,0,0,0,0,-84,-91,-84,0,0,0,0,0,0,0,0,0,0,0,0,-76
847,0.0,-1.0,Public,-59,-56,-58,0,0,0,-79,-79,-79,-89,-90,0,0,0,0,0,0,-85,-92,-84,0,0,0,0,0,0,0,0,0,0,-85,-87,-74
848,0.0,-1.0,Public,-59,-56,-58,0,0,0,-79,-79,-79,-87,-87,0,0,0,0,0,0,-85,-95,-86,0,0,0,0,0,0,0,0,-89,0,-80,0,-75
849,0.0,-1.0,Public,-61,-56,-59,0,0,0,-78,-78,-79,-87,-84,0,0,0,0,0,0,-86,0,-87,0,0,0,0,0,0,0,0,0,0,-87,-84,-73
850,0.0,-1.0,Public,-59,-57,-60,0,0,0,-79,-79,-79,-87,-86,0,0,0,0,0,0,-84,-94,-85,0,0,0,0,0,0,0,0,0,0,-83,0,-76
851,0.0,-1.0,Public,-58,-56,-58,0,0,0,-80,-80,-79,-87,-86,0,0,0,0,0,0,-85,-93,-85,0,0,0,0,0,0,0,0,0,0,-85,-81,-75
852,0.0,-1.0,Public,-59,-56,-58,0,0,0,-78,-79,-79,-88,0,0,0,0,0,0,0,-85,-91,-85,0,0,0,0,0,0,0,0,0,0,-82,0,-75
853,0.0,-1.0,Public,-59,-56,-58,0,0,0,-79,-79,-79,-87,-85,0,0,0,0,0,0,-85,-90,-86,0,0,0,0,0,0,-85,-87,-87,0,-83,0,-76
854,0.0,-1.0,Public,-58,-55,-57,0,0,0,-79,-79,-79,-89,0,0,0,0,0,0,0,-84,-93,-85,0,0,0,0,0,0,0,0,0,0,-83,-83,-76
855,0.0,-1.0,Public,-58,-56,-58,0,0,0,-79,-79,-79,-86,-83,0,0,0,0,0,0,-85,-91,-85,0,0,0,0,0,0,-85,0,-88,0,-82,0,-75
856,0.0,-1.0,Public,-60,-57,-58,0,0,0,-79,-79,-79,-88,-86,0,0,0,0,0,0,-85,-91,-86,0,0,0,0,0,0,0,0,0,0,-82,0,-76
857,0.0,-1.0,Public,-59,-57,-59,0,0,0,-79,-79,-79,-89,0,0,0,0,0,0,0,-86,-93,-86,0,0,0,0,0,0,0,0,0,0,-81,-83,-75
858,0.0,-1.0,Public,-58,-57,-58,0,0,0,-79,-80,-79,-86,0,0,0,0,0,0,0,-86,-91,-85,0,0,0,0,0,0,0,0,-90,0,-82,0,-76
859,0.0,-1.0,Public,-59,-57,-58,0,0,0,-79,-79,-79,-88,0,0,0,0,0,0,0,0,-92,-85,0,0,0,0,0,0,-86,0,-87,0,-82,0,-76
860,0.0,-1.0,Public,-59,-57,-58,0,0,0,-79,-79,-79,-87,-88,0,0,0,0,0,0,-86,-90,-86,0,0,0,0,0,0,0,0,0,0,-83,0,-76
861,0.0,-1.0,Public,-60,-57,-62,0,0,0,-79,-79,-79,-88,0,0,0,0,0,0,0,-86,-91,-85,0,0,0,0,0,0,0,0,0,0,-82,-97,-75
862,0.0,-1.0,Public,-57,-57,-58,0,0,0,-79,-79,-78,-88,-89,0,0,0,0,0,0,-86,-92,-86,0,0,0,0,0,0,0,0,-88,0,-84,0,-76
863,0.0,-1.0,Public,-61,-57,-58,0,0,0,-79,-79,-80,-90,-88,0,0,0,0,0,0,-86,-91,0,0,0,0,0,0,0,0,0,0,0,-85,0,-76
864,0.0,-1.0,Public,-59,-57,-58,0,0,0,-78,-78,-79,-88,0,0,0,0,0,0,0,-84,-90,-84,0,0,0,0,0,0,0,0,0,0,-84,0,-76
865,-1.0,-1.0,Public,0,0,0,0,0,0,-72,-72,-72,-87,0,0,0,-75,-83,-83,0,-87,-91,-87,0,-88,-87,0,0,0,0,0,0,0,-77,-94,-82
866,-1.0,-1.0,Public,-73,-63,-73,-76,0,-79,-71,-71,-71,-87,-85,0,0,-75,-83,-81,-83,-89,-95,-90,0,-88,-88,0,0,0,0,0,0,0,-86,0,-82
867,-1.0,-1.0,Public,0,0,0,0,0,0,-72,-71,-72,-87,-83,0,0,0,0,0,0,-88,-93,-87,0,-88,-89,0,0,0,0,0,0,0,-78,-84,-82
868,-1.0,-1.0,Public,0,0,0,0,0,0,-72,-72,-72,-87,-82,0,0,-75,-77,-77,0,-87,-97,-87,0,-88,-88,0,0,0,-90,0,0,0,-85,0,-82
869,-1.0,-1.0,Public,0,0,0,0,0,0,-72,-72,-72,-86,-80,0,0,0,0,0,0,-87,-94,-87,0,-88,-87,0,0,0,0,0,0,0,-85,-89,-81
870,-1.0,-1.0,Public,0,0,0,0,0,0,-72,-71,-71,-86,-80,0,0,-75,-81,-81,0,-86,-94,-86,0,-88,-87,0,0,0,0,0,0,0,-86,-89,-77
871,-1.0,-1.0,Public,0,0,0,-76,-81,-80,-72,-72,-72,-86,0,0,0,0,0,0,0,-88,-94,-87,0,-87,-89,0,0,0,0,0,0,0,-86,-88,-77
872,-1.0,-1.0,Public,0,0,0,0,0,0,-72,-72,-72,-86,-84,0,0,-75,-83,-82,0,-88,-93,-88,0,-88,-88,0,0,0,0,0,0,0,-78,0,-77
873,-1.0,-1.0,Public,0,0,0,0,0,0,-71,-72,-72,-86,-80,0,0,0,0,0,0,-87,0,-87,0,-89,-88,0,0,0,0,0,0,0,-79,-89,-77
874,-1.0,-1.0,Public,0,0,0,0,0,0,-72,-72,-72,-86,-82,0,0,0,0,0,0,-86,0,-87,0,-88,-88,0,0,0,0,0,0,0,-77,0,-77
875,-1.0,-1.0,Public,0,0,0,0,0,0,-71,-72,-71,-85,-82,0,0,-75,-76,-76,0,-89,-95,-89,0,-88,-88,0,0,0,0,0,0,0,-77,0,-78
876,-1.0,-1.0,Public,0,0,0,0,0,0,-71,-71,-72,-88,0,0,0,0,0,0,0,-86,0,-87,0,0,-88,0,0,0,0,0,0,0,0,-85,-78
877,-1.0,-1.0,Public,0,0,0,0,0,0,-72,-72,-72,-86,0,0,0,-75,-82,-81,0,-88,-98,-86,0,-87,-88,0,0,0,0,0,0,0,-77,0,-78
878,-1.0,-1.0,Public,0,0,0,-77,-81,-81,-72,-72,-72,-87,-83,0,0,0,0,0,0,-88,-94,-88,0,-88,-89,0,0,0,0,0,0,0,-76,0,-78
879,-1.0,-1.0,Public,-75,-63,-71,-76,0,-82,-72,-71,-71,-87,0,-80,-82,-75,-82,-83,-82,-88,-95,-88,0,-88,-88,0,0,0,0,0,0,0,-78,-90,-78
880,-1.0,-1.0,Public,0,0,0,-76,0,0,-71,-72,-72,-87,-80,0,0,-75,-83,-82,0,-87,-97,-87,0,-88,-88,0,0,0,0,0,0,0,-77,-86,-75
881,-1.0,-1.0,Public,0,0,0,0,0,0,-73,-72,-72,-88,0,0,0,0,0,0,0,-87,-94,-87,0,-87,-88,0,0,0,0,0,0,0,-76,-86,-82
882,-1.0,-1.0,Public,0,0,0,-77,-80,-81,-73,-72,-72,-89,-80,0,0,0,0,0,0,-87,-94,-88,0,0,-88,0,0,0,0,0,0,0,-85,-88,-82
883,-1.0,-1.0,Public,0,0,0,-77,-81,-81,-72,-72,-72,-86,-81,0,0,-74,-83,-82,0,-86,-94,-87,0,-87,-88,0,0,0,0,0,0,0,-77,0,-82
884,-1.0,-1.0,Public,0,0,0,0,0,0,-70,-71,-72,-87,-80,0,0,-73,-80,-82,0,-87,-95,-87,0,-88,-88,0,0,0,0,0,0,0,-87,0,-82
885,-1.0,-1.0,Public,0,0,0,0,0,0,-72,-71,-71,-87,-83,0,0,0,0,0,0,-87,-94,-88,0,-89,-88,0,0,0,0,0,0,0,-77,0,-82
886,-1.0,-1.0,Public,0,0,0,-77,-79,-80,-71,-73,-73,-87,-81,0,0,0,0,0,0,-89,-95,-87,0,-88,-88,0,0,0,0,0,0,0,-77,0,-78
887,-1.0,-1.0,Public,0,0,0,0,0,0,-72,-71,-71,-86,-82,0,0,-75,-83,-83,0,-86,-93,-87,0,-87,-88,0,0,0,0,0,0,0,-77,0,-78
888,-1.0,-1.0,Public,0,0,0,0,0,0,-71,-71,-72,-87,-80,0,0,-75,-84,-85,0,-87,-95,-87,0,-87,-88,0,0,0,0,0,0,0,-83,0,-83
889,-1.0,-1.0,Public,0,0,0,0,0,0,-71,-72,-72,-87,0,0,0,0,0,0,0,-87,-93,-88,0,0,-88,0,0,0,0,0,0,0,-85,0,-82
890,-1.0,-1.0,Public,0,0,0,-77,-81,-81,-72,-71,-72,-86,-82,0,0,-74,-83,-84,0,-86,-95,-86,0,-89,-87,0,0,0,0,0,0,0,-76,0,-82
891,-1.0,-1.0,Public,0,0,0,0,0,0,-72,0,0,-86,-81,0,0,-75,-76,-77,0,-87,-95,-87,0,0,-88,0,0,0,0,0,0,0,0,0,-82
892,-1.0,-1.0,Public,0,0,0,0,0,0,-71,-71,-72,-87,-81,0,0,-75,-78,-77,0,-87,-94,-88,0,-88,-88,0,0,0,0,0,0,0,-85,0,-82
893,-1.0,-1.0,Public,0,0,0,0,0,0,-71,0,0,-88,-83,0,0,0,0,0,0,-89,-94,-88,0,-88,-89,0,0,0,0,0,0,0,-77,0,-82
894,-1.0,-1.0,Public,0,0,0,-78,-80,-81,-72,-71,-71,-87,0,0,0,0,0,0,0,-88,-93,-86,0,-87,-88,0,0,0,0,0,0,0,-85,0,-77
895,-2.0,-1.0,Public,-68,-64,-69,-82,-85,-87,-84,0,-86,-93,-88,-82,-82,0,0,-77,-81,0,0,0,0,0,0,0,0,0,0,0,-85,0,-66,-86,-88
896,-2.0,-1.0,Public,-69,-66,-69,-85,-92,-91,-82,-83,-83,-91,-75,-84,-84,-74,-76,-77,0,0,-94,0,0,0,0,0,0,0,0,0,0,0,-61,0,-88
897,-2.0,-1.0,Public,-69,-65,-70,-84,0,-89,-82,-83,-83,-92,-76,0,0,0,0,0,0,0,0,0,0,0,0,0,0,0,0,0,0,0,-66,0,-90
898,-2.0,-1.0,Public,-69,-66,-69,-86,0,-92,-83,-83,-83,-90,-77,0,0,0,0,0,0,0,0,0,0,0,0,0,0,0,0,0,0,0,-67,-87,-87
899,-2.0,-1.0,Public,-70,-67,-68,-84,-90,0,-86,-82,-84,-92,-78,0,0,0,0,0,0,0,0,0,0,0,0,0,0,0,0,0,0,0,-62,0,-87
900,-2.0,-1.0,Public,-69,-65,-66,-85,-91,-90,-82,-83,-82,-91,0,0,0,0,0,0,0,0,0,0,0,0,0,0,0,0,0,0,0,0,-62,0,-88
901,-2.0,-1.0,Public,-71,-66,-68,-84,-88,-88,-83,-83,-86,-89,-77,-87,-86,0,0,0,-84,-89,-94,-90,0,0,0,0,0,0,0,0,0,0,-62,-93,-91
902,-2.0,-1.0,Public,-68,-65,-70,-83,0,0,0,-85,-85,-90,-75,0,-84,0,0,0,-84,0,-95,0,0,0,0,0,0,0,-83,-86,-85,0,-62,0,-89
903,-2.0,-1.0,Public,-68,-64,-67,0,0,0,-84,-84,-83,-90,-77,-87,-85,0,0,0,-86,0,-96,-88,0,0,0,0,0,0,-82,-84,0,0,-62,0,-91
904,-2.0,-1.0,Public,-69,-66,-68,-85,0,0,-83,-83,-83,-91,-77,0,0,0,0,-75,0,0,0,0,0,0,0,0,0,0,0,0,0,0,-62,0,-83
905,-2.0,-1.0,Public,-69,-65,-68,-85,-90,-89,-83,-84,-83,0,0,0,0,0,0,0,0,0,0,0,0,0,0,0,0,0,0,0,0,0,-61,0,-84
906,-2.0,-1.0,Public,-70,-65,-69,-85,-91,-89,-84,-84,-84,-90,-78,0,0,0,0,0,0,0,0,0,0,0,0,0,0,0,0,0,0,0,-62,0,-83
907,-2.0,-1.0,Public,-69,-65,-68,-83,-88,-87,-82,-82,-82,-91,-78,0,0,0,0,0,0,0,0,0,0,0,0,0,0,0,0,0,0,0,-62,-85,-84
908,-2.0,-1.0,Public,-69,-67,-69,0,-89,-90,-82,-82,-83,-91,-77,0,0,0,0,0,0,0,-94,0,0,0,0,0,0,0,0,0,0,0,-61,-82,-82
909,-2.0,-1.0,Public,-70,-66,-70,-83,0,0,-82,-82,-82,-90,-77,0,-85,0,0,0,0,0,-93,0,0,0,0,0,0,0,0,0,0,0,-62,0,-88
910,-2.0,-1.0,Public,-69,-66,-69,0,0,0,0,-83,-83,-92,-78,0,0,0,0,0,0,0,-91,0,0,0,0,0,0,0,0,0,0,0,-66,0,-89
911,-2.0,-1.0,Public,-70,-64,-67,0,0,0,-82,-81,-81,-92,-77,0,0,0,0,0,-83,0,0,0,0,0,0,0,0,0,0,0,0,0,-66,0,-89
912,-2.0,-1.0,Public,-74,-65,-70,0,0,0,-84,-82,-85,-91,-82,0,0,0,0,0,0,-90,0,0,0,0,0,0,0,0,0,0,0,0,-66,0,-92
913,-2.0,-1.0,Public,-69,-67,-69,-85,0,0,-82,-85,-84,-91,0,0,0,0,0,0,0,0,0,0,0,0,0,0,0,0,0,0,0,0,-61,-90,-88
914,-2.0,-1.0,Public,-66,-67,-70,-84,-89,-89,-83,-83,-82,0,-85,0,0,0,0,0,0,0,0,0,0,0,0,0,0,0,0,0,0,0,-66,0,-89
915,-2.0,-1.0,Public,-70,-66,-69,-86,0,0,-83,-84,-84,-92,-75,0,0,0,0,0,0,0,0,0,0,0,0,0,0,0,0,0,0,0,-65,0,-88
916,-2.0,-1.0,Public,-70,-65,-68,-85,0,0,-83,-85,-83,-91,-77,0,0,0,0,0,0,0,0,0,0,0,0,0,0,0,0,0,0,0,-62,-85,-84
917,-2.0,-1.0,Public,-69,-66,-70,0,0,0,-84,-83,-83,-91,-77,0,0,0,0,0,0,0,0,0,0,0,0,0,0,0,0,0,0,0,-62,0,-83
918,-2.0,-1.0,Public,-69,-67,-69,-84,0,-90,-83,-84,-84,-90,-83,0,0,0,0,0,0,0,0,0,0,0,0,0,0,0,0,0,0,0,-61,-89,-83
919,-2.0,-1.0,Public,-67,-68,-69,-86,-90,-90,-83,-83,-84,-92,-74,0,0,0,0,0,0,0,0,0,0,0,0,0,0,0,0,0,0,0,-62,-89,-84
920,-2.0,-1.0,Public,-70,-66,0,-86,-92,-91,-83,-84,-83,-91,-75,0,0,0,0,0,0,0,0,0,0,0,0,0,0,0,0,0,0,0,-62,0,-89
921,-2.0,-1.0,Public,-74,-68,-69,0,0,-87,-83,-83,-84,-95,-75,0,-83,-76,-75,-76,-84,0,0,0,0,0,0,0,0,0,0,0,0,0,-67,-86,-90
922,-2.0,-1.0,Public,-76,-66,-72,0,0,0,-86,0,-85,0,0,0,-82,0,0,0,0,0,-95,0,0,0,0,0,0,0,0,0,0,0,-61,0,-88
923,-2.0,-1.0,Public,-70,-66,-70,-85,0,-88,-83,-84,-83,-92,-75,0,-85,0,-75,0,-86,0,0,0,0,0,0,0,0,0,0,0,0,0,-67,0,-88
924,-2.0,-1.0,Public,-70,-69,-72,0,0,0,-83,-83,-83,-90,0,0,0,0,0,0,0,0,0,0,0,0,0,0,0,0,0,0,0,0,-66,-89,-89
925,2.0,1.0,Social,-70,-60,-59,-79,0,0,-77,-77,-77,-85,-82,-86,-85,-75,-77,-74,-85,-89,-95,-85,0,0,0,0,0,0,0,0,0,0,-92,-84,-85
926,2.0,1.0,Social,-68,-64,-67,-78,-78,-80,-76,-76,-76,-86,-81,-87,0,0,0,0,0,-88,0,-88,0,0,0,0,0,0,0,0,0,0,-88,-83,-85
927,2.0,1.0,Social,-67,-63,-66,0,0,0,-77,-76,-77,-87,-82,-86,-89,-80,-88,-87,-87,-88,-93,-88,0,0,0,0,0,0,0,0,0,0,-89,-84,-83
928,2.0,1.0,Social,-68,-63,-65,0,0,0,-77,-76,-77,-87,-79,-86,-88,0,0,0,-90,-88,-95,0,0,0,0,0,0,0,0,0,0,0,-94,-82,-85
929,2.0,1.0,Social,-64,-64,-65,0,0,0,-74,-73,-73,-86,-91,-85,0,-79,-85,-84,0,-89,0,-88,0,0,0,0,-95,0,0,0,0,0,-92,-91,-86
930,2.0,1.0,Social,-65,-65,-66,0,0,0,-75,-75,-76,-86,-81,-86,-90,-80,-87,-84,-92,-85,-93,-86,0,0,0,0,0,0,0,0,0,0,-93,-82,-87
931,2.0,1.0,Social,-67,-64,-66,0,0,0,-74,-74,-74,-87,0,-84,-89,-80,-83,-85,-90,-87,0,-87,0,0,0,0,0,0,0,0,0,0,-91,-84,-86
932,2.0,1.0,Social,-67,-63,-64,0,0,0,-75,-74,-74,-88,-81,-85,-90,0,0,0,-88,-86,-94,-86,-87,0,0,0,0,0,0,0,0,0,-91,-80,-86
933,2.0,1.0,Social,-66,-65,-69,0,0,0,-78,-77,-77,-86,-82,0,0,-79,-86,-85,0,-86,0,-87,0,0,0,0,0,0,0,0,0,0,-100,-85,-90
934,2.0,1.0,Social,-67,-64,-65,0,0,0,-76,-75,-76,-86,-80,-88,-89,0,0,0,0,-87,0,-87,0,0,0,0,0,0,0,0,0,0,-95,-83,-89
935,2.0,1.0,Social,-66,-65,-66,0,0,0,-75,-75,-74,-86,-83,-86,-90,-81,-88,-87,-90,-86,0,-87,0,0,0,0,0,0,0,0,0,0,-94,-82,-89
936,2.0,1.0,Social,-67,-66,-68,0,0,0,-75,-75,-75,-85,-82,-85,-88,-80,-84,-86,-90,-87,0,0,0,0,0,0,0,0,0,0,0,0,-100,-82,-89
937,2.0,1.0,Social,-66,-64,-67,0,0,0,-76,-76,-76,-86,-92,-84,-90,-81,-85,-86,-91,-87,-93,-88,0,0,0,0,0,0,0,0,0,0,-92,-80,-89
938,2.0,1.0,Social,-66,-64,-66,0,0,0,-76,-76,-76,-86,-82,-87,-90,-80,-87,-84,-89,-87,0,-87,0,0,0,0,0,0,0,0,0,0,-92,0,-86
939,2.0,1.0,Social,-68,-65,-66,0,0,0,-74,-75,-75,-86,-80,-84,-88,-80,-86,-85,-86,-89,0,-88,0,0,0,0,0,0,0,0,0,0,-94,-83,-87
940,2.0,1.0,Social,-66,-66,-67,0,0,0,-76,-75,-76,-86,-83,-84,-91,-80,-85,-85,0,-87,0,-87,-87,0,0,0,0,0,0,0,0,0,-94,-82,-86
941,2.0,1.0,Social,-67,-64,-65,0,0,0,-75,-75,-76,-86,-80,-86,-91,-79,-84,-82,-93,-88,0,0,0,0,0,0,0,0,0,0,0,0,-95,-80,-86
942,2.0,1.0,Social,-67,-65,-66,0,0,0,-75,-76,-76,-87,-81,-89,-90,-80,-86,-86,0,-88,0,-88,0,0,0,0,0,0,0,0,0,0,-92,-91,-87
943,2.0,1.0,Social,-65,-64,-65,0,0,0,-75,-76,-75,-86,-79,-86,-87,-80,-86,-86,0,-87,0,-86,0,0,0,0,0,0,0,0,0,0,-91,-87,-87
944,2.0,1.0,Social,-66,-65,-65,0,0,0,-75,-76,-76,-86,0,-87,-87,-80,-86,-85,-88,-86,0,-87,0,0,0,0,0,0,0,0,0,0,-92,-90,-88
945,2.0,1.0,Social,-65,-65,-64,0,0,0,-76,-76,-75,-85,-83,-85,-87,-80,0,-86,-88,-87,0,-88,0,0,0,0,0,0,0,0,0,0,-95,-88,-88
946,2.0,1.0,Social,-65,-65,-65,0,0,0,-75,-75,-75,-86,-81,0,0,-81,-85,-86,0,-86,0,-86,0,0,0,0,-93,0,0,0,0,0,-91,0,-86
947,2.0,1.0,Social,-65,-65,-65,0,0,0,-75,-75,-75,-86,0,-86,-86,-80,-87,-85,-87,-87,0,-87,0,0,0,0,0,0,0,0,0,0,-93,-92,-88
948,2.0,1.0,Social,-65,-65,-69,0,0,0,-76,-76,-76,-88,-79,-87,-86,0,0,0,-85,-89,-96,0,0,0,0,0,-94,0,0,0,0,0,-92,-91,-90
949,2.0,1.0,Social,-66,-65,-66,0,0,0,-74,-75,-74,-86,-82,-85,-89,-79,-84,-85,-90,-88,0,-87,0,0,0,0,0,0,0,0,0,0,-90,-84,-88
950,2.0,1.0,Social,-68,-64,-66,0,0,0,-76,-76,-77,-87,0,-87,-89,-80,-84,-84,0,-87,0,-87,0,0,0,0,0,0,0,0,0,0,-92,-93,-87
951,2.0,1.0,Social,-64,-65,-65,0,0,0,-76,-75,-76,-86,-81,-89,-90,-80,-84,-83,0,-87,0,-86,0,0,0,0,0,0,0,0,0,0,-93,-91,-89
952,2.0,1.0,Social,-66,-63,-65,0,0,0,-76,-75,-76,-86,-79,-86,-87,-80,-85,-86,-86,-86,-93,-85,0,0,0,0,-94,0,0,0,0,0,-85,0,-87
953,2.0,1.0,Social,-67,-63,-65,0,0,0,-75,-75,-75,-86,-81,-89,-87,0,0,0,0,-87,-95,-88,0,0,0,0,0,0,0,0,0,0,-90,-92,-89
954,2.0,1.0,Social,-65,-64,-65,0,0,0,-77,-77,-77,-87,-91,-86,-85,-79,-84,-85,0,0,-93,-87,0,0,0,0,-94,0,0,0,0,0,-86,-85,-87
955,2.0,2.0,Social,-60,-57,-59,-75,-81,-79,-72,-73,-73,-90,-76,-76,-85,-74,-77,-76,-87,-86,-92,-86,-85,0,0,0,-95,0,0,0,0,0,-86,-82,-96
956,2.0,2.0,Social,-61,-57,-59,0,0,0,-72,-72,-71,-90,-76,0,-84,-74,-76,-74,0,-88,-90,-86,0,0,0,0,0,0,0,0,0,0,-90,-82,-95
957,2.0,2.0,Social,-59,-57,-59,-75,-79,-79,-71,-72,-72,-90,-75,0,0,0,0,0,0,-88,-90,-87,0,0,0,0,0,0,-89,-90,-90,0,-87,-89,-94
958,2.0,2.0,Social,-60,-57,-59,0,0,0,-71,-71,-71,-91,-72,0,0,-74,-77,-76,0,-86,-89,-87,0,0,0,0,0,0,0,0,0,0,-86,-81,-96
959,2.0,2.0,Social,-60,-57,-59,0,0,0,-72,-72,-72,-90,-72,0,-85,0,0,0,0,-87,-89,-86,0,0,0,0,-95,-94,0,0,0,0,-97,-90,-95
960,2.0,2.0,Social,-60,-57,-59,0,0,0,-71,-71,-71,-89,-74,0,0,0,0,0,0,-87,-91,-87,0,0,0,0,0,0,0,0,0,0,-86,-91,-96
961,2.0,2.0,Social,-60,-57,-60,0,0,0,-72,-72,-72,-89,-73,0,0,0,0,0,0,-88,-92,-87,0,0,0,0,0,0,-88,-91,-92,0,-97,-90,-96
962,2.0,2.0,Social,-60,-57,-60,0,0,0,-72,-72,-71,-90,-74,0,0,-74,-77,-77,0,-87,-91,-86,0,0,0,0,0,0,0,0,-91,0,-96,-89,-100
963,2.0,2.0,Social,-60,-57,-60,0,0,0,-72,-72,-71,-90,-73,0,0,-74,-76,-76,0,-87,-89,-87,0,0,0,0,-94,0,0,0,0,0,-92,-91,-94
964,2.0,2.0,Social,-60,-57,-59,0,0,0,-72,-72,-72,-87,-73,0,0,0,0,0,0,-88,0,-88,0,0,0,0,0,0,-87,-89,0,0,-97,-89,-92
965,2.0,2.0,Social,-61,-57,-59,0,0,0,-71,-71,-70,-88,-75,0,0,-74,-76,-74,0,-86,-90,-87,0,0,0,0,-95,0,0,0,0,0,-93,-88,-91
966,2.0,2.0,Social,-61,-57,-59,0,0,0,-72,-71,-72,-90,-74,0,0,0,-77,-77,0,-87,-94,-86,0,0,0,0,0,0,-88,0,-90,0,-92,-90,-92
967,2.0,2.0,Social,-60,-57,-59,0,0,0,-72,-72,-72,-89,-74,0,0,0,0,0,0,-86,-89,-88,0,0,0,0,0,0,-86,0,-90,0,-93,-91,-92
968,2.0,2.0,Social,-60,-57,-60,0,0,0,-72,-72,-72,-90,-73,0,0,0,0,0,0,-87,-92,-87,0,0,0,0,-95,0,-89,0,-91,0,-88,-81,-100
969,2.0,2.0,Social,-58,-57,-59,0,0,0,-71,-72,-72,-89,-71,0,0,0,0,0,0,-86,-91,-86,0,0,0,0,0,0,-87,0,-91,0,-91,-83,-98
970,2.0,2.0,Social,-60,-57,-59,0,0,0,-72,-72,-72,-90,-76,0,0,0,0,0,0,-86,-91,-86,0,0,0,0,0,0,0,0,-91,0,-86,-83,-98
971,2.0,2.0,Social,-59,-56,-59,0,0,0,-71,-72,-72,-91,-74,0,0,0,0,0,0,-87,-91,-87,0,0,0,0,0,0,0,0,0,0,-89,-80,-94
972,2.0,2.0,Social,-62,-57,-59,0,0,0,-72,-72,-72,-89,-74,0,0,-73,-82,-82,0,-87,-91,-87,0,0,0,0,0,0,-87,0,0,0,-86,-81,-94
973,2.0,2.0,Social,-62,-56,-59,0,0,0,-70,-70,-70,-91,-73,0,0,-74,-75,-76,0,-86,-90,-88,0,0,0,0,0,0,0,0,0,0,-86,-82,-92
974,2.0,2.0,Social,-62,-58,-61,0,0,0,-70,-70,-70,-89,-73,0,0,0,0,0,0,-88,-92,-88,0,0,0,0,0,0,0,0,0,0,-83,-83,-93
975,2.0,2.0,Social,-60,-58,-61,0,0,0,-70,-70,-71,-91,-74,0,0,0,0,0,0,-87,-93,-88,0,0,0,0,0,0,-88,-91,0,0,-93,-82,-96
976,2.0,2.0,Social,0,0,0,-76,-78,-79,-70,-70,-70,-90,-72,-77,-86,0,0,0,-85,0,-92,-89,0,0,0,0,0,0,0,0,0,0,-88,-82,-97
977,2.0,2.0,Social,0,0,0,-76,-80,-80,-69,-70,-70,-89,-73,0,0,0,0,0,0,-88,-89,-89,0,0,0,0,0,0,0,0,0,0,-88,-82,-100
978,2.0,2.0,Social,0,0,0,0,0,0,-69,-70,-70,-90,-74,0,0,0,0,0,0,0,-90,0,0,0,0,0,0,0,0,0,0,0,-89,-90,-91
979,2.0,2.0,Social,0,0,0,0,0,0,-71,-69,-69,-91,-74,0,0,-74,-89,-77,0,-88,-94,-88,0,0,-91,0,0,0,0,0,0,0,-89,-83,-94
980,2.0,2.0,Social,0,0,0,-77,-78,-78,-70,-70,-70,-92,-73,0,0,0,-76,-78,0,-89,-92,-88,0,0,0,0,0,0,0,0,0,0,-91,-91,-91
981,2.0,2.0,Social,0,0,0,-76,-78,-79,-70,-70,-69,-91,-74,0,0,-74,-76,-76,0,0,-92,0,0,0,0,0,0,0,0,0,0,0,-97,-85,-93
982,2.0,2.0,Social,0,0,0,0,0,0,-70,-69,-70,-91,-73,0,0,0,0,0,0,0,-92,0,0,0,0,0,0,0,0,0,0,0,-90,-84,-93
983,2.0,2.0,Social,0,0,0,0,0,0,-70,-69,-70,-92,-75,0,0,0,0,0,0,0,-89,0,0,0,-89,0,0,0,0,0,0,0,-91,-83,-92
984,2.0,2.0,Social,0,0,0,0,0,0,-70,-70,-70,-92,-72,0,0,0,0,0,0,0,-93,0,0,0,0,0,0,0,-88,-89,0,0,-89,-83,-95
997,2.0,3.0,Personal,0,0,0,0,-82,0,-72,-73,-72,-83,-88,-82,-79,0,0,0,-79,-84,-93,-84,-84,0,0,0,-88,0,0,0,0,-89,-91,-84,-96
998,2.0,3.0,Personal,-56,-48,-56,-77,-79,-79,-73,-74,-73,-82,-85,-76,-78,0,0,0,-79,-84,-91,-84,-84,0,0,0,-90,-90,0,0,0,-90,-89,-83,-91
999,2.0,3.0,Personal,0,0,0,0,0,0,-73,-73,-73,-82,-89,0,0,0,0,0,0,-84,-93,-84,-84,0,0,0,-88,-90,0,0,0,-88,-88,-83,-93
1000,2.0,3.0,Personal,0,0,0,0,0,0,-73,-74,-74,-83,-94,0,0,0,0,0,0,-85,-94,-84,-85,0,0,0,-89,-90,0,0,0,-90,-91,-82,-91
1001,2.0,3.0,Personal,0,0,0,0,0,0,-72,-72,-72,-82,-85,0,0,0,0,0,0,-84,-92,-83,-85,0,0,0,-88,-89,0,0,0,-88,-90,-84,-91
1002,2.0,3.0,Personal,0,0,0,0,0,0,-74,-74,-74,-82,-87,0,0,0,0,0,0,-85,-92,-85,-84,0,0,0,-89,-90,0,0,0,-90,-96,-83,-90
1003,2.0,3.0,Personal,0,0,0,0,0,0,-73,-73,-73,-81,-87,0,0,0,0,0,0,-84,-94,-84,-84,0,0,0,0,0,0,0,0,0,-93,-85,-90
1004,2.0,3.0,Personal,0,0,0,0,0,0,-73,-72,-72,-83,-95,0,0,0,0,0,0,-85,-92,-85,0,0,0,0,-88,0,0,0,0,-90,-95,-85,-95
1005,2.0,3.0,Personal,0,0,0,0,0,0,-74,-74,-74,-84,-87,0,0,-78,-84,-83,0,-84,-93,-84,-84,0,0,0,-92,-91,0,0,0,-90,-98,-88,-93
1006,2.0,3.0,Personal,0,0,0,0,0,0,-73,-74,-74,-83,-86,0,0,0,0,0,0,-84,-94,-84,-85,0,0,0,-89,-89,0,0,0,-89,-91,-92,-92
1007,2.0,3.0,Personal,0,0,0,0,0,0,-73,-74,-74,-84,0,0,0,0,0,0,0,-84,-94,-86,-85,0,0,0,-89,0,0,0,0,-89,-91,-84,-95
1008,2.0,3.0,Personal,0,0,0,0,0,0,-72,-74,-73,-84,-87,0,0,0,0,0,0,-84,-93,-84,-83,0,0,0,-88,-89,0,0,0,-90,-93,-90,-94
1009,2.0,3.0,Personal,0,0,0,0,0,0,-74,-74,-74,-83,-86,0,0,0,0,0,0,-84,-94,-84,-84,0,0,0,-91,-91,0,0,0,-90,-96,-92,-90
1010,2.0,3.0,Personal,0,0,0,0,0,0,-73,-74,-73,-83,-87,0,0,0,0,0,0,-86,-93,-85,0,0,0,0,-90,0,0,0,0,0,-91,-92,-95
1011,2.0,3.0,Personal,0,0,0,0,0,0,-73,-74,-74,-83,-83,0,0,0,0,0,0,-86,-93,-85,-85,0,0,0,-90,-90,0,0,0,-90,-88,-82,-97
1012,2.0,3.0,Personal,0,0,0,0,0,0,-73,-73,-73,-83,-86,0,0,0,0,0,0,-85,-93,-85,0,0,0,0,-90,-89,0,0,0,-89,-87,0,-91
1013,2.0,3.0,Personal,0,0,0,0,0,0,-74,-72,-72,-83,0,0,0,0,0,0,0,-85,-94,-84,0,0,0,0,-90,-91,0,0,0,0,-89,0,-91
1014,2.0,3.0,Personal,0,0,0,0,0,0,-73,-73,-73,-83,-84,0,0,0,0,0,0,-85,-93,-85,-84,0,0,0,-90,-89,0,0,0,-90,-87,-82,-96
1015,2.0,3.0,Personal,0,0,0,0,0,0,-73,-73,-73,-83,-86,0,0,0,0,0,0,-85,-94,-86,-86,0,0,0,-89,-89,0,0,0,-89,-89,-81,-98
1016,2.0,3.0,Personal,0,0,0,0,0,0,-72,0,0,-83,-86,0,0,0,0,0,0,0,-93,0,0,0,0,0,-89,0,0,0,0,-89,-92,-81,-95
1017,2.0,3.0,Personal,0,0,0,0,0,0,-73,-73,-73,-83,-86,0,0,0,0,0,0,-85,0,-86,-85,0,0,0,-89,-88,0,0,0,-88,-89,-82,-92
1018,2.0,3.0,Personal,0,0,0,0,0,0,-72,-73,-73,-83,-85,0,0,0,0,0,0,-85,-94,-84,-84,0,0,0,-88,0,0,0,0,-88,-97,-83,-98
1019,2.0,3.0,Personal,0,0,0,0,0,0,-72,-72,-73,-83,-88,0,0,0,0,0,0,-84,-93,-85,-84,0,0,0,-90,-90,0,0,0,-91,-91,-84,-92
1020,2.0,3.0,Personal,0,0,0,0,0,0,-74,-72,-72,-84,-83,0,0,0,0,0,0,0,-91,0,0,0,0,0,-92,0,0,0,0,0,-94,-83,-100
1021,2.0,3.0,Personal,0,0,0,0,0,0,-74,-74,-73,-83,-84,0,0,0,0,0,0,-84,-93,-84,-84,0,0,0,-89,-90,0,0,0,-90,-95,-84,-94
1022,2.0,3.0,Personal,0,0,0,0,0,0,-71,-73,-73,-83,-87,0,0,0,0,0,0,-86,0,-86,0,0,0,0,-90,-89,0,0,0,-90,-95,-84,-95
1023,2.0,3.0,Personal,0,0,0,0,0,0,-72,-74,-73,-83,-86,0,0,0,0,0,0,-86,-92,-86,-86,0,0,0,-88,0,0,0,0,-90,-94,-83,-92
1024,2.0,3.0,Personal,0,0,0,0,0,0,-72,-73,-73,-83,-83,0,0,0,0,0,0,-87,-93,-88,0,0,0,0,-89,-90,0,0,0,-90,-92,-84,-91
1025,2.0,3.0,Personal,0,0,0,0,0,0,-74,-72,-73,-83,-88,0,0,0,0,0,0,-85,-92,-86,-85,0,0,0,-91,-89,0,0,0,0,-93,-84,-93
1026,2.0,3.0,Personal,0,0,0,0,0,0,-71,-72,-72,-83,-84,0,0,0,0,0,0,-87,-95,-87,0,0,0,0,-91,-92,0,0,0,-89,-97,-82,-93
