,x,y,x_predicted,y_predicted,error
0,0.25,0.75,2.4846732220184857,0.75,2.2346732220184857
1,0.25,0.75,2.49383245985012,0.7500000000000001,2.24383245985012
2,0.25,0.75,2.506228118258641,0.75,2.256228118258641
3,0.25,0.75,3.4290920676760623,0.7499999999999999,3.1790920676760623
4,0.25,0.75,3.358205372323326,0.7499999999999999,3.108205372323326
5,0.25,0.75,2.505899947225591,0.7499999999999998,2.255899947225591
6,0.25,0.75,2.8764547768187034,0.75,2.6264547768187034
7,0.25,0.75,2.502054619021615,0.7500000000000002,2.252054619021615
8,0.25,0.75,2.4939400374073637,0.75,2.2439400374073637
9,0.25,0.75,2.489418290869878,0.7500000000000001,2.239418290869878
10,0.25,0.75,3.3664659991030166,0.7500000000000001,3.1164659991030166
11,0.25,0.75,2.4878337701210724,0.7499999999999999,2.2378337701210724
12,0.25,0.75,2.475928770978896,0.7500000000000002,2.225928770978896
13,0.25,0.75,2.4749245934492823,0.7499999999999999,2.2249245934492823
14,0.25,0.75,2.4759324853073674,0.7500000000000001,2.2259324853073674
15,0.25,0.75,2.512300960354745,0.75,2.262300960354745
16,0.25,0.75,2.5025831069417834,0.75,2.2525831069417834
17,0.25,0.75,2.7717912697692997,0.7499999999999999,2.5217912697692997
18,0.25,0.75,2.769565878277033,0.7499999999999999,2.519565878277033
19,0.25,0.75,2.4759185442331306,0.75,2.2259185442331306
20,10.25,0.75,8.870275587524182,0.7499999999999999,1.3797244124758183
21,10.25,0.75,3.831618628697279,0.7500000000000001,6.418381371302721
22,10.25,0.75,8.611265041382582,0.75,1.6387349586174178
23,10.25,0.75,8.32932197162803,0.7500000000000003,1.9206780283719702
24,10.25,0.75,8.293970036588826,0.75,1.956029963411174
25,10.25,0.75,7.727866984723739,0.75,2.5221330152762613
26,10.25,0.75,6.9181194414168665,0.7500000000000002,3.3318805585831335
27,10.25,0.75,7.650390076703468,0.7500000000000001,2.5996099232965317
28,10.25,0.75,4.969377238925069,0.7499999999999998,5.280622761074931
29,10.25,0.75,10.454209672600747,0.75,0.20420967260074718
30,10.25,0.75,8.049824080777771,0.75,2.2001759192222288
31,10.25,0.75,7.875811871041112,0.7500000000000002,2.374188128958888
32,10.25,0.75,8.917581945052522,0.7500000000000001,1.3324180549474782
33,10.25,0.75,8.393485682110706,0.75,1.8565143178892942
34,10.25,0.75,5.476343771407805,0.7500000000000002,4.773656228592195
35,10.25,0.75,8.952249261174009,0.7500000000000001,1.2977507388259912
36,10.25,0.75,8.910798116228046,0.7499999999999999,1.3392018837719544
37,10.25,0.75,7.101323538881445,0.7499999999999999,3.148676461118555
38,10.25,0.75,8.779844193925072,0.7499999999999999,1.4701558060749278
39,10.25,0.75,6.214537974524678,0.7499999999999999,4.035462025475322
40,12.25,0.75,9.877021460401883,0.7500000000000002,2.372978539598117
41,12.25,0.75,10.128252672597661,0.75,2.121747327402339
42,12.25,0.75,11.044991819665443,0.8826390337210753,1.2122861988572096
43,12.25,0.75,9.751991484137678,0.7499999999999998,2.498008515862322
44,12.25,0.75,12.095464757957918,1.0136378225654172,0.3055912998107753
45,12.25,0.75,10.340447391299323,0.7803905541392712,1.9097944264177893
46,12.25,0.75,11.609994859725825,0.9442849799608318,0.6688447002225159
47,12.25,0.75,10.933421661928652,0.8476316659898074,1.3201933428413655
48,12.25,0.75,11.621397591250009,0.9459139416071443,0.6584248330693021
49,12.25,0.75,9.433667202664413,0.7499999999999999,2.816332797335587
50,12.25,0.75,9.914293573534673,0.8190882970041081,2.3367279908911853
51,12.25,0.75,10.109245651130472,0.7500000000000001,2.140754348869528
52,12.25,0.75,10.475400309578067,0.782200044225438,1.774891800672295
53,12.25,0.75,11.634032501263595,0.947718928751942,0.646922510264095
54,12.25,0.75,10.250000000000002,0.7500000000000001,1.9999999999999982
55,12.25,0.75,10.0189170383531,0.7500000000000001,2.2310829616468997
56,12.25,0.75,11.421869983817976,0.9174099976882827,0.8448819035981484
57,12.25,0.75,11.741661385246616,1.0183093382055748,0.5748026167456993
58,12.25,0.75,9.727614549751689,0.7499999999999999,2.5223854502483114
59,12.25,0.75,10.00246985246387,0.8128860994048346,2.2484097548227577
60,13.75,1.25,12.250000000000002,0.75,1.581138830084188
61,13.75,1.25,12.25,0.7499999999999999,1.5811388300841898
62,13.75,1.25,12.25,0.75,1.5811388300841898
63,13.75,1.25,12.142426882717716,0.7500000000000001,1.6835353656542769
64,13.75,1.25,12.250000000000002,0.7500000000000002,1.581138830084188
65,13.75,1.25,12.25,0.75,1.5811388300841898
66,13.75,1.25,12.014297296212327,0.7500000000000001,1.8062845501016278
67,13.75,1.25,12.25,0.75,1.5811388300841898
68,13.75,1.25,12.249999999999998,0.7500000000000001,1.5811388300841913
69,13.75,1.25,12.250000000000004,0.75,1.5811388300841862
70,13.75,1.25,12.249999999999996,0.7500000000000001,1.581138830084193
71,13.75,1.25,12.137198253731674,0.7499999999999998,1.6885287894395415
72,13.75,1.25,12.136127268559418,0.75,1.6895517728934748
73,13.75,1.25,12.137378143915218,0.75,1.688356967801042
74,13.75,1.25,12.25,0.7499999999999999,1.5811388300841898
75,13.75,1.25,12.249999999999998,0.75,1.5811388300841913
76,13.75,1.25,12.250000000000002,0.7500000000000001,1.581138830084188
77,13.75,1.25,12.250000000000004,0.7500000000000001,1.5811388300841862
78,13.75,1.25,11.886735589878498,0.75,1.9291848698415166
79,13.75,1.25,12.25,0.7500000000000001,1.5811388300841898
80,13.75,11.25,15.812674811115082,9.92481044974848,2.4516840580516215
81,13.75,11.25,17.621094256643715,11.250000000000004,3.8710942566437154
82,13.75,11.25,13.866847077118146,8.750406739825221,2.502322862010862
83,13.75,11.25,14.140754826709058,8.602723229263447,2.675960320236042
84,13.75,11.25,15.745409761282035,10.748197860296244,2.0575387002024765
85,13.75,11.25,14.892299319488533,10.132779903165495,1.597819914782284
86,13.75,11.25,14.49561471916877,9.745204401174057,1.6793900987224657
87,13.75,11.25,14.920709099686292,10.161381640110282,1.5986399624609875
88,13.75,11.25,14.252340236603713,8.985002305102528,2.3200345409501852
89,13.75,11.25,14.727997331484524,9.204329592719668,2.2674316297549804
90,13.75,11.25,13.749999999999998,8.137685491750517,3.112314508249483
91,13.75,11.25,14.820337606955482,10.064995121821834,1.5968278411178949
92,13.75,11.25,16.240222915280334,10.989231046348944,2.5038391751419566
93,13.75,11.25,15.040103983693143,10.168772454703046,1.6832769509055232
94,13.75,11.25,15.04499501162407,10.415602400919015,1.5405295951338742
95,13.75,11.25,14.887287546734445,10.125164829926636,1.5995865477651487
96,13.75,11.25,15.032909695461337,10.291111444349925,1.601663057220646
97,13.75,11.25,14.641964378369241,10.011893700188965,1.5259448423555158
98,13.75,11.25,14.503130645381688,9.871014908896047,1.5712433454115295
99,13.75,11.25,14.494731919744227,9.753210463734357,1.6718267099673463
100,13.75,3.25,13.750000000000002,3.3732805984816556,0.12328059848165562
101,13.75,3.25,13.750000000000005,2.8865186558628926,0.3634813441371074
102,13.75,3.25,13.749999999999998,2.89194126777619,0.3580587322238098
103,13.75,3.25,13.750000000000004,5.41078954217443,2.16078954217443
104,13.75,3.25,13.75,5.733488817480197,2.483488817480197
105,13.75,3.25,13.75,3.4731645286578874,0.22316452865788738
106,13.75,3.25,13.750000000000004,4.7732389345924195,1.5232389345924195
107,13.75,3.25,13.750000000000005,3.385549400888833,0.13554940088883294
108,13.75,3.25,13.750000000000002,3.6062735490630686,0.35627354906306863
109,13.75,3.25,13.750000000000002,1.7737709741265364,1.4762290258734636
110,13.75,3.25,13.750000000000004,3.217565622854802,0.032434377145198034
111,13.75,3.25,13.749999999999998,4.72240241536568,1.4724024153656803
112,13.75,3.25,13.75,3.38306966993633,0.13306966993632985
113,13.75,3.25,13.749999999999998,6.545435096564049,3.2954350965640486
114,13.75,3.25,13.750000000000002,4.20178580046364,0.9517858004636404
115,13.75,3.25,13.749999999999998,2.2468205677418602,1.0031794322581398
116,13.75,3.25,13.750000000000002,1.9872325501420138,1.2627674498579862
117,13.75,3.25,13.750000000000005,3.0375944349860284,0.21240556501397156
118,13.75,3.25,13.75,6.218398375239005,2.968398375239005
119,13.75,3.25,13.75,2.6174966853741863,0.6325033146258137
120,13.75,5.25,13.749999999999996,7.418027739129942,2.1680277391299416
121,13.75,5.25,13.75,7.237892500561743,1.9878925005617427
122,13.75,5.25,13.750000000000002,3.2500000000000004,1.9999999999999996
123,13.75,5.25,13.749999999999998,6.305139711946373,1.0551397119463726
124,13.75,5.25,13.750000000000002,6.603148537393416,1.353148537393416
125,13.75,5.25,13.75,3.2500000000000004,1.9999999999999996
126,13.75,5.25,13.749999999999996,3.37742863199706,1.8725713680029399
127,13.75,5.25,13.75,7.25,2.0
128,13.75,5.25,13.749999999999998,7.25,2.0
129,13.75,5.25,13.749999999999998,7.25,2.0
130,13.75,5.25,13.750000000000002,7.250000000000001,2.000000000000001
131,13.75,5.25,13.750000000000002,7.25,2.0
132,13.75,5.25,13.749999999999998,7.25,2.0
133,13.75,5.25,13.750000000000002,7.250000000000002,2.0000000000000018
134,13.75,5.25,13.750000000000004,7.250000000000001,2.000000000000001
135,13.75,5.25,13.749999999999998,7.249999999999999,1.9999999999999991
136,13.75,5.25,13.750000000000004,7.250000000000002,2.0000000000000018
137,13.75,5.25,13.75,7.249999999999999,1.9999999999999991
138,13.75,5.25,13.75,7.25,2.0
139,13.75,5.25,13.75,7.249999999999999,1.9999999999999991
140,13.75,7.25,13.749999999999993,6.5304259018456206,0.7195740981543794
141,13.75,7.25,13.750000000000002,5.25,2.0
142,13.75,7.25,13.749999999999998,5.474840126044051,1.7751598739559489
143,13.75,7.25,13.750000000000002,5.156557906804901,2.093442093195099
144,13.75,7.25,13.750000000000002,5.429674242345895,1.8203257576541052
145,13.75,7.25,13.750000000000002,5.474500558125354,1.7754994418746461
146,13.75,7.25,13.750000000000002,5.047048429297847,2.2029515707021528
147,13.75,7.25,13.749999999999998,5.720939788978219,1.5290602110217808
148,13.75,7.25,13.750000000000002,5.711370119556071,1.5386298804439287
149,13.75,7.25,13.75,5.475578406661313,1.7744215933386869
150,13.75,7.25,13.75,5.470986804035478,1.779013195964522
151,13.75,7.25,13.75,5.25704759809752,1.99295240190248
152,13.75,7.25,13.75,5.477651019404763,1.772348980595237
153,13.75,7.25,13.749999999999998,5.655785131949757,1.5942148680502433
154,13.75,7.25,13.75,5.544946266152928,1.7050537338470724
155,13.75,7.25,13.75,5.471733842931278,1.778266157068722
156,13.75,7.25,13.749999999999998,5.713918178388464,1.5360818216115364
157,13.75,7.25,13.75,5.918247015773738,1.331752984226262
158,13.75,7.25,13.750000000000002,5.25,2.0
159,13.75,7.25,13.750000000000002,5.971251059459639,1.2787489405403614
160,13.75,9.25,13.750000000000002,5.900262055313299,3.3497379446867006
161,13.75,9.25,13.750000000000002,6.542381675711729,2.707618324288271
162,13.75,9.25,13.750000000000004,6.309055261195164,2.940944738804836
163,13.75,9.25,13.749999999999996,6.181034581385958,3.0689654186140416
164,13.75,9.25,13.749999999999998,6.46220531452528,2.7877946854747204
165,13.75,9.25,13.750000000000002,5.510252571370464,3.739747428629536
166,13.75,9.25,13.750000000000002,5.504580453302063,3.7454195466979368
167,13.75,9.25,13.75,5.7506745674690425,3.4993254325309575
168,13.75,9.25,13.75,6.320222579541337,2.929777420458663
169,13.75,9.25,13.750000000000002,6.580386109597041,2.6696138904029594
170,13.75,9.25,13.75,6.418913848535147,2.831086151464853
171,13.75,9.25,13.749999999999998,6.439024279625911,2.8109757203740893
172,13.75,9.25,13.75,6.707882577876327,2.542117422123673
173,13.75,9.25,13.749999999999998,6.329847408456691,2.9201525915433093
174,13.75,9.25,13.749999999999996,6.179995702331547,3.0700042976684534
175,13.75,9.25,13.75,6.731434463814397,2.518565536185603
176,13.75,9.25,13.749999999999996,5.7619205135780325,3.4880794864219675
177,13.75,9.25,13.75,6.196066107049763,3.053933892950237
178,13.75,9.25,13.750000000000002,6.8653505804783235,2.3846494195216765
179,13.75,9.25,13.749999999999998,5.886178779177466,3.363821220822534
180,15.75,11.25,18.463294860658788,11.250000000000002,2.713294860658788
181,15.75,11.25,18.970828416423217,11.249999999999998,3.220828416423217
182,15.75,11.25,17.739223498854816,11.249999999999996,1.989223498854816
183,15.75,11.25,17.879330234232043,11.249999999999998,2.129330234232043
184,15.75,11.25,17.208470457989105,11.250000000000004,1.4584704579891046
185,15.75,11.25,17.62060611475045,11.25,1.8706061147504514
186,15.75,11.25,16.855892168510376,11.249999999999996,1.1058921685103762
187,15.75,11.25,18.5063929341822,11.249999999999998,2.7563929341822018
188,15.75,11.25,18.263645898981842,11.250000000000004,2.513645898981842
189,15.75,11.25,18.003991546982522,11.250000000000002,2.2539915469825225
190,15.75,11.25,16.172623606129427,11.250000000000002,0.4226236061294273
191,15.75,11.25,20.45518810092928,11.250000000000002,4.705188100929281
192,15.75,11.25,18.868228608969815,11.25,3.1182286089698152
193,15.75,11.25,18.134780774163303,11.250000000000004,2.3847807741633034
194,15.75,11.25,17.612656490862502,11.249999999999998,1.862656490862502
195,15.75,11.25,18.40604462073244,11.25,2.656044620732441
196,15.75,11.25,20.133400303708992,11.249999999999998,4.383400303708992
197,15.75,11.25,14.80132648548347,11.122655656852448,0.9571823331407797
198,15.75,11.25,20.135855192025932,11.250000000000002,4.385855192025932
199,15.75,11.25,19.76636747270732,11.25,4.016367472707319
200,17.75,11.25,15.05234137227435,11.25,2.69765862772565
201,17.75,11.25,19.529307089747277,11.25,1.7793070897472774
202,17.75,11.25,19.414101306108833,11.25,1.664101306108833
203,17.75,11.25,19.549466721884897,11.250000000000002,1.7994667218848974
204,17.75,11.25,19.75,11.25,2.0
205,17.75,11.25,19.522744985693226,11.25,1.772744985693226
206,17.75,11.25,19.750000000000004,11.25,2.0000000000000036
207,17.75,11.25,19.75,11.25,2.0
208,17.75,11.25,19.749999999999996,11.249999999999996,1.9999999999999964
209,17.75,11.25,19.25133333253908,11.25,1.5013333325390796
210,17.75,11.25,19.509193008428362,11.249999999999998,1.7591930084283618
211,17.75,11.25,18.64992182024697,11.250000000000002,0.8999218202469699
212,17.75,11.25,19.75,11.25,2.0
213,17.75,11.25,19.750000000000004,11.25,2.0000000000000036
214,17.75,11.25,19.53399283342102,11.25,1.7839928334210207
215,17.75,11.25,19.26439977703696,11.25,1.5143997770369602
216,17.75,11.25,19.750000000000004,11.249999999999998,2.0000000000000036
217,17.75,11.25,19.750000000000007,11.250000000000002,2.000000000000007
218,17.75,11.25,19.494116554387276,11.25,1.7441165543872756
219,17.75,11.25,19.531479122970147,11.250000000000002,1.781479122970147
220,19.75,11.25,22.01401530614809,11.249999999999998,2.2640153061480888
221,19.75,11.25,21.518991054942422,11.250000000000002,1.768991054942422
222,19.75,11.25,19.775367170799946,11.25,0.025367170799945882
223,19.75,11.25,16.5254585965568,11.250000000000002,3.224541403443201
224,19.75,11.25,19.751297970011738,11.250000000000002,0.0012979700117377035
225,19.75,11.25,19.96915009047681,11.249999999999998,0.2191500904768091
226,19.75,11.25,20.074958390164465,11.249999999999996,0.3249583901644648
227,19.75,11.25,16.60491495048621,11.249999999999998,3.1450850495137885
228,19.75,11.25,19.064832249609488,11.25,0.6851677503905123
229,19.75,11.25,15.86916736282418,11.249999999999998,3.8808326371758195
230,19.75,11.25,17.850742647980443,11.250000000000002,1.899257352019557
231,19.75,11.25,16.731689992081122,11.25,3.0183100079188776
232,19.75,11.25,16.393912277855723,11.249999999999998,3.3560877221442773
233,19.75,11.25,20.115333985488405,11.249999999999998,0.36533398548840523
234,19.75,11.25,16.840256589252764,11.25,2.909743410747236
235,19.75,11.25,16.896080980842935,11.25,2.8539190191570647
236,19.75,11.25,21.75,11.250000000000002,2.0
237,19.75,11.25,20.209285535745064,11.249999999999998,0.4592855357450638
238,19.75,11.25,19.90338405659706,11.250000000000002,0.15338405659705856
239,19.75,11.25,19.606896946193046,11.249999999999998,0.14310305380695354
240,2.25,0.75,4.6433283487648085,0.75,2.3933283487648085
241,2.25,0.75,5.7744437283864105,0.7500000000000001,3.5244437283864105
242,2.25,0.75,5.033080502449636,0.7499999999999999,2.7830805024496357
243,2.25,0.75,4.960258447193048,0.7499999999999999,2.7102584471930484
244,2.25,0.75,5.016329287408359,0.7500000000000001,2.766329287408359
245,2.25,0.75,5.118435574410703,0.75,2.868435574410703
246,2.25,0.75,0.25,0.75,2.0
247,2.25,0.75,0.25,0.75,2.0
248,2.25,0.75,4.407216937358551,0.7499999999999999,2.157216937358551
249,2.25,0.75,4.852000685544313,0.7499999999999999,2.602000685544313
250,2.25,0.75,4.940102098274937,0.75,2.690102098274937
251,2.25,0.75,4.686054763134681,0.75,2.436054763134681
252,2.25,0.75,4.9615095660160415,0.7499999999999999,2.7115095660160415
253,2.25,0.75,3.88946888136944,0.7499999999999999,1.63946888136944
254,2.25,0.75,3.0116243028409047,0.7500000000000001,0.7616243028409047
255,2.25,0.75,4.917055619025829,0.75,2.667055619025829
256,2.25,0.75,4.979027318432381,0.75,2.729027318432381
257,2.25,0.75,4.099922106097921,0.7500000000000001,1.849922106097921
258,2.25,0.75,4.494587394338149,0.7499999999999999,2.244587394338149
259,2.25,0.75,1.5328128603295774,0.7499999999999999,0.7171871396704226
260,21.75,11.25,24.410043999770718,11.250000000000002,2.6600439997707177
261,21.75,11.25,23.71152617141486,11.25,1.9615261714148602
262,21.75,11.25,23.820792593687514,11.25,2.0707925936875142
263,21.75,11.25,23.323565186741035,11.250000000000004,1.5735651867410354
264,21.75,11.25,23.34465418096095,11.250000000000002,1.5946541809609514
265,21.75,11.25,23.238757380706634,11.249999999999996,1.4887573807066339
266,21.75,11.25,23.535012495111307,11.250000000000004,1.7850124951113067
267,21.75,11.25,23.41200763975325,11.25,1.6620076397532486
268,21.75,11.25,21.73381987274911,11.249999999999998,0.01618012725089102
269,21.75,11.25,23.485431374464316,11.25,1.7354313744643157
270,21.75,11.25,24.491754638744393,11.250000000000004,2.7417546387443927
271,21.75,11.25,25.0760940534893,11.25,3.3260940534892995
272,21.75,11.25,23.480469864441453,11.249999999999998,1.730469864441453
273,21.75,11.25,24.08582397615886,11.250000000000004,2.33582397615886
274,21.75,11.25,24.101112322196595,11.249999999999998,2.3511123221965953
275,21.75,11.25,23.790174012446847,11.250000000000002,2.0401740124468475
276,21.75,11.25,24.106665965239625,11.249999999999996,2.3566659652396247
277,21.75,11.25,24.392600662578676,11.249999999999996,2.642600662578676
278,21.75,11.25,25.604557625105155,11.25,3.854557625105155
279,21.75,11.25,23.774094414973938,11.25,2.0240944149739377
280,23.75,11.25,26.57394543553224,11.250000000000002,2.8239454355322415
281,23.75,11.25,26.442488187620743,11.249999999999998,2.692488187620743
282,23.75,11.25,21.749999999999993,11.249999999999996,2.000000000000007
283,23.75,11.25,21.987830851154264,11.250000000000002,1.7621691488457358
284,23.75,11.25,21.750000000000007,11.250000000000004,1.999999999999993
285,23.75,11.25,22.13594071372535,11.25,1.6140592862746495
286,23.75,11.25,21.75,11.25,2.0
287,23.75,11.25,22.252464634001644,11.250000000000002,1.4975353659983561
288,23.75,11.25,22.732782416197068,11.25,1.0172175838029318
289,23.75,11.25,22.30004002315459,11.249999999999996,1.4499599768454097
290,23.75,11.25,22.242989337097306,11.250000000000002,1.5070106629026938
291,23.75,11.25,21.75,11.25,2.0
292,23.75,11.25,23.51183963469994,11.25,0.23816036530006102
293,23.75,11.25,21.749999999999996,11.249999999999998,2.0000000000000036
294,23.75,11.25,22.000329864096013,11.249999999999998,1.7496701359039868
295,23.75,11.25,21.976760405894023,11.249999999999998,1.773239594105977
296,23.75,11.25,21.961603586241367,11.249999999999998,1.7883964137586332
297,23.75,11.25,28.310791415663342,11.250000000000002,4.560791415663342
298,23.75,11.25,23.5879082300018,11.250000000000002,0.16209176999819874
299,23.75,11.25,23.620345988684274,11.25,0.12965401131572563
300,25.75,11.25,25.759597863244096,11.250000000000004,0.009597863244096061
301,25.75,11.25,29.406389636489422,11.25,3.656389636489422
302,25.75,11.25,22.645285358438823,11.249999999999998,3.104714641561177
303,25.75,11.25,26.687197860328478,11.249999999999998,0.9371978603284781
304,25.75,11.25,23.69556909476967,11.250000000000004,2.05443090523033
305,25.75,11.25,23.189808606835957,11.250000000000004,2.560191393164043
306,25.75,11.25,23.31560154511899,11.249999999999998,2.434398454881009
307,25.75,11.25,22.114627372742625,11.25,3.635372627257375
308,25.75,11.25,21.75041885619369,11.25,3.99958114380631
309,25.75,11.25,22.93749176008031,11.250000000000004,2.8125082399196906
310,25.75,11.25,22.823320232646157,11.25,2.9266797673538427
311,25.75,11.25,26.59426586625427,11.250000000000002,0.8442658662542684
312,25.75,11.25,22.934951083866093,11.250000000000002,2.8150489161339074
313,25.75,11.25,28.789981122783015,11.25,3.039981122783015
314,25.75,11.25,26.762480818768886,11.250000000000002,1.0124808187688856
315,25.75,11.25,22.784401488921276,11.249999999999998,2.965598511078724
316,25.75,11.25,22.89793724520855,11.250000000000004,2.8520627547914508
317,25.75,11.25,28.072150448977304,11.25,2.322150448977304
318,25.75,11.25,29.678171666606623,11.250000000000002,3.928171666606623
319,25.75,11.25,23.056709942854678,11.249999999999998,2.6932900571453224
320,27.75,11.25,30.616978107642275,11.250000000000002,2.866978107642275
321,27.75,11.25,29.991832017923137,11.25,2.2418320179231372
322,27.75,11.25,29.50870631991981,11.25,1.7587063199198099
323,27.75,11.25,29.749999999999996,11.25,1.9999999999999964
324,27.75,11.25,30.22784895541131,11.25,2.477848955411311
325,27.75,11.25,29.53220398804514,11.25,1.78220398804514
326,27.75,11.25,30.044952993414686,11.25,2.294952993414686
327,27.75,11.25,29.716311848959993,11.25,1.9663118489599931
328,27.75,11.25,29.64016698995871,11.25,1.8901669899587112
329,27.75,11.25,30.0118425043863,11.250000000000002,2.2618425043863013
330,27.75,11.25,29.381441704548347,11.250000000000002,1.6314417045483474
331,27.75,11.25,29.750000000000007,11.25,2.000000000000007
332,27.75,11.25,29.441860505978784,11.25,1.6918605059787843
333,27.75,11.25,29.278630679475672,11.249999999999998,1.5286306794756719
334,27.75,11.25,29.750000000000004,11.249999999999998,2.0000000000000036
335,27.75,11.25,29.868783863213,11.250000000000004,2.1187838632130003
336,27.75,11.25,29.972395664200064,11.25,2.2223956642000644
337,27.75,11.25,29.966565726370813,11.249999999999998,2.2165657263708134
338,27.75,11.25,29.967738705959984,11.249999999999998,2.2177387059599845
339,27.75,11.25,29.660883721168926,11.250000000000002,1.9108837211689256
340,29.75,11.25,27.750000000000004,11.25,1.9999999999999964
341,29.75,11.25,27.949421352876428,11.25,1.8005786471235723
342,29.75,11.25,28.267541859393862,11.25,1.4824581406061377
343,29.75,11.25,27.749999999999996,11.249999999999996,2.0000000000000036
344,29.75,11.25,28.257163149199297,11.250000000000002,1.4928368508007033
345,29.75,11.25,27.63455280178817,11.25,2.115447198211829
346,29.75,11.25,28.275090715277017,11.250000000000004,1.4749092847229832
347,29.75,11.25,29.116218261087077,11.25,0.6337817389129228
348,29.75,11.25,29.22669523755642,11.25,0.5233047624435798
349,29.75,11.25,28.093597291653065,11.250000000000002,1.6564027083469348
350,29.75,11.25,27.961646418250297,11.25,1.7883535817497034
351,29.75,11.25,27.750000000000004,11.25,1.9999999999999964
352,29.75,11.25,27.749999999999996,11.25,2.0000000000000036
353,29.75,11.25,27.750000000000007,11.250000000000002,1.999999999999993
354,29.75,11.25,28.127969655891363,11.250000000000002,1.6220303441086372
355,29.75,11.25,30.6570821294885,11.25,0.9070821294885008
356,29.75,11.25,30.21430405110047,11.25,0.4643040511004699
357,29.75,11.25,31.219501404193817,11.250000000000002,1.4695014041938173
358,29.75,11.25,27.749999999999996,11.25,2.0000000000000036
359,29.75,11.25,29.215671440763874,11.250000000000002,0.5343285592361262
360,31.75,11.25,30.938833471722848,11.25,0.8111665282771519
361,31.75,11.25,27.627492738795574,11.25,4.122507261204426
362,31.75,11.25,29.33574220272005,11.249999999999998,2.4142577972799515
363,31.75,11.25,28.675416135961985,11.249999999999998,3.074583864038015
364,31.75,11.25,29.156086257090422,11.25,2.593913742909578
365,31.75,11.25,27.86668026066257,11.250000000000002,3.8833197393374306
366,31.75,11.25,30.45875752484292,11.250000000000002,1.2912424751570803
367,31.75,11.25,28.688747336790566,11.249999999999998,3.0612526632094337
368,31.75,11.25,31.375141769735897,11.249999999999996,0.3748582302641026
369,31.75,11.25,29.191916690668084,11.249999999999998,2.5580833093319164
370,31.75,11.25,29.073109181288377,11.25,2.676890818711623
371,31.75,11.25,29.229971064308828,11.250000000000002,2.5200289356911725
372,31.75,11.25,29.091276468715588,11.25,2.658723531284412
373,31.75,11.25,28.400944448151982,11.250000000000002,3.349055551848018
374,31.75,11.25,30.011803402263343,11.25,1.738196597736657
375,31.75,11.25,28.799948600081645,11.250000000000002,2.9500513999183546
376,31.75,11.25,28.372408560547346,11.250000000000002,3.3775914394526545
377,31.75,11.25,31.404352347932893,11.250000000000004,0.34564765206710746
378,31.75,11.25,30.787505740814876,11.25,0.9624942591851244
379,31.75,11.25,28.572466261787177,11.25,3.177533738212823
380,33.75,11.25,31.634751032708508,11.249999999999998,2.1152489672914925
381,33.75,11.25,32.0440283325775,11.249999999999996,1.705971667422503
382,33.75,11.25,30.657483727985216,11.25,3.092516272014784
383,33.75,11.25,30.527783184626184,11.250000000000002,3.222216815373816
384,33.75,11.25,31.078799194332348,11.249999999999998,2.6712008056676524
385,33.75,11.25,30.80065932896949,11.25,2.949340671030509
386,33.75,11.25,31.212126984690446,11.249999999999998,2.537873015309554
387,33.75,11.25,30.906675514973212,11.249999999999998,2.8433244850267876
388,33.75,11.25,30.13161928853604,11.25,3.61838071146396
389,33.75,11.25,29.066035993201762,11.249999999999996,4.683964006798238
390,33.75,11.25,30.3150260961153,11.249999999999998,3.4349739038847
391,33.75,11.25,30.030482183855057,11.250000000000002,3.7195178161449434
392,33.75,11.25,29.765250558549194,11.25,3.9847494414508056
393,33.75,11.25,29.89559407818952,11.249999999999998,3.8544059218104785
394,33.75,11.25,30.00217182809084,11.25,3.747828171909159
395,33.75,11.25,30.050167123701826,11.25,3.6998328762981743
396,33.75,11.25,29.92403779507231,11.25,3.8259622049276913
397,33.75,11.25,30.566009696914207,11.250000000000002,3.1839903030857926
398,33.75,11.25,29.55524516474139,11.249999999999995,4.19475483525861
399,33.75,11.25,30.492108596333555,11.250000000000002,3.257891403666445
400,35.75,11.25,33.88333333333332,11.25,1.8666666666666814
401,35.75,11.25,35.52016615804138,11.25,0.229833841958623
402,35.75,11.25,36.02615950895178,11.25,0.2761595089517783
403,35.75,11.25,34.94579944981768,11.25,0.8042005501823226
404,35.75,11.25,31.600759836932927,11.25,4.149240163067073
405,35.75,11.25,32.085178966988266,11.25,3.6648210330117337
406,35.75,11.25,34.46916958646582,11.250000000000002,1.2808304135341828
407,35.75,11.25,29.936510640737023,11.250000000000002,5.813489359262977
408,35.75,11.25,31.25312918214873,11.250000000000002,4.496870817851271
409,35.75,11.25,30.863945112662417,11.249999999999998,4.886054887337583
410,35.75,11.25,29.79857455517937,11.249999999999996,5.951425444820629
411,35.75,11.25,31.317307758240517,11.25,4.432692241759483
412,35.75,11.25,30.53607876946712,11.249999999999998,5.213921230532879
413,35.75,11.25,35.022988702065206,11.249999999999998,0.7270112979347942
414,35.75,11.25,34.717266216203235,11.249999999999998,1.0327337837967647
415,35.75,11.25,28.319208865215717,11.25,7.4307911347842825
416,35.75,11.25,33.54297118413361,11.249999999999996,2.207028815866387
417,35.75,11.25,30.610262182049837,11.249999999999998,5.139737817950163
418,35.75,11.25,31.48333333333334,11.250000000000002,4.266666666666659
419,35.75,11.25,33.08333333333338,11.25,2.6666666666666217
420,37.75,11.25,35.514694494680654,11.25,2.235305505319346
421,37.75,11.25,35.520041255647584,11.25,2.229958744352416
422,37.75,11.25,35.27408031377336,11.250000000000004,2.4759196862266393
423,37.75,11.25,33.70071315177809,11.25,4.049286848221911
424,37.75,11.25,33.37238330973651,11.250000000000002,4.377616690263487
425,37.75,11.25,35.74999999999999,11.250000000000002,2.000000000000007
426,37.75,11.25,35.75000000000001,11.250000000000002,1.999999999999993
427,37.75,11.25,35.02805149677684,11.249999999999998,2.7219485032231603
428,37.75,11.25,34.50739949973604,11.249999999999998,3.2426005002639613
429,37.75,11.25,35.12215651521086,11.25,2.627843484789139
430,37.75,11.25,34.33152677538357,11.25,3.4184732246164273
431,37.75,11.25,35.75,11.249999999999998,2.0
432,37.75,11.25,34.510423346907025,11.25,3.239576653092975
433,37.75,11.25,34.516814622639856,11.250000000000002,3.2331853773601438
434,37.75,11.25,32.947916089509164,11.250000000000002,4.802083910490836
435,37.75,11.25,34.087675166921,11.25,3.6623248330789977
436,37.75,11.25,34.77810692020437,11.249999999999996,2.9718930797956276
437,37.75,11.25,34.833856579856366,11.25,2.9161434201436336
438,37.75,11.25,34.3522093131753,11.249999999999996,3.397790686824699
439,37.75,11.25,34.364463830814934,11.249999999999998,3.385536169185066
440,4.25,0.75,3.3750328984076385,0.7499999999999999,0.8749671015923615
441,4.25,0.75,4.066732484616312,0.75,0.18326751538368757
442,4.25,0.75,4.374619507577943,0.75,0.12461950757794327
443,4.25,0.75,4.170627092981254,0.75,0.07937290701874566
444,4.25,0.75,3.8167581411055966,0.75,0.43324185889440336
445,4.25,0.75,3.593235524441596,0.7499999999999999,0.6567644755584041
446,4.25,0.75,3.8098958025173153,0.75,0.4401041974826847
447,4.25,0.75,3.458933275890239,0.7500000000000001,0.7910667241097609
448,4.25,0.75,3.465570428122181,0.7500000000000002,0.7844295718778191
449,4.25,0.75,4.529110352794178,0.7500000000000001,0.27911035279417806
450,4.25,0.75,4.459570688748363,0.75,0.2095706887483626
451,4.25,0.75,3.9394853380064645,0.7499999999999999,0.3105146619935355
452,4.25,0.75,3.3699945337924673,0.75,0.8800054662075327
453,4.25,0.75,3.0721063577802377,0.7499999999999999,1.1778936422197623
454,4.25,0.75,3.4366407605361013,0.75,0.8133592394638987
455,4.25,0.75,3.573159719267358,0.7500000000000001,0.6768402807326419
456,4.25,0.75,3.7322285136808895,0.7499999999999999,0.5177714863191105
457,4.25,0.75,4.27690644302139,0.7499999999999999,0.02690644302138967
458,4.25,0.75,4.4961202816048305,0.7500000000000001,0.24612028160483046
459,4.25,0.75,4.419970821546154,0.7499999999999999,0.16997082154615395
460,6.25,0.75,3.4567480580896097,0.7500000000000001,2.7932519419103903
461,6.25,0.75,4.074833843085681,0.7499999999999997,2.175166156914319
462,6.25,0.75,3.73996630391056,0.7499999999999999,2.51003369608944
463,6.25,0.75,6.778336310629143,0.7500000000000003,0.5283363106291432
464,6.25,0.75,7.557316903911792,0.7500000000000002,1.3073169039117918
465,6.25,0.75,4.25,0.7499999999999999,2.0
466,6.25,0.75,3.771152242104899,0.7499999999999999,2.478847757895101
467,6.25,0.75,4.249999999999998,0.7499999999999999,2.0000000000000018
468,6.25,0.75,3.8396665447459712,0.7499999999999999,2.4103334552540288
469,6.25,0.75,3.873723035986156,0.75,2.376276964013844
470,6.25,0.75,4.25,0.75,2.0
471,6.25,0.75,3.621893080478213,0.7499999999999999,2.628106919521787
472,6.25,0.75,4.250000000000002,0.75,1.9999999999999982
473,6.25,0.75,4.005442027049529,0.7499999999999999,2.2445579729504708
474,6.25,0.75,4.25,0.75,2.0
475,6.25,0.75,4.508095465662835,0.7499999999999999,1.7419045343371646
476,6.25,0.75,3.753577241868929,0.75,2.496422758131071
477,6.25,0.75,4.25,0.7500000000000003,2.0
478,6.25,0.75,5.150486268032983,0.7500000000000001,1.0995137319670167
479,6.25,0.75,6.112331017106716,0.7500000000000001,0.13766898289328378
480,8.25,0.75,8.119196044469946,0.7499999999999999,0.13080395553005353
481,8.25,0.75,4.429603740855651,0.75,3.820396259144349
482,8.25,0.75,6.41868351007826,0.7500000000000001,1.8313164899217398
483,8.25,0.75,7.097936015260104,0.7500000000000001,1.152063984739896
484,8.25,0.75,7.397249914536069,0.7500000000000001,0.8527500854639314
485,8.25,0.75,9.066485092272742,0.7500000000000001,0.8164850922727425
486,8.25,0.75,8.489281938559463,0.7500000000000001,0.23928193855946311
487,8.25,0.75,7.226713273294085,0.75,1.0232867267059147
488,8.25,0.75,2.7385064431690997,0.7499999999999999,5.5114935568309
489,8.25,0.75,9.797382028299952,0.7500000000000002,1.5473820282999515
490,8.25,0.75,10.249999999999998,0.7499999999999999,1.9999999999999982
491,8.25,0.75,9.184070537567434,0.7500000000000001,0.9340705375674343
492,8.25,0.75,10.66278193466373,0.7499999999999998,2.4127819346637303
493,8.25,0.75,10.25,0.7500000000000001,2.0
494,8.25,0.75,7.392135975670715,0.7500000000000001,0.8578640243292854
495,8.25,0.75,8.286390602832764,0.75,0.036390602832764074
496,8.25,0.75,7.500782511113239,0.7499999999999999,0.7492174888867611
497,8.25,0.75,7.993276390203114,0.75,0.2567236097968859
498,8.25,0.75,6.112760848327797,0.7499999999999999,2.137239151672203
499,8.25,0.75,8.77604541521525,0.7499999999999999,0.5260454152152505
500,0.25,0.75,2.5098033968938585,0.7499999999999998,2.2598033968938585
501,0.25,0.75,2.841342423228281,0.7499999999999999,2.591342423228281
502,0.25,0.75,2.868605127632405,0.7499999999999999,2.618605127632405
503,0.25,0.75,2.845541732901383,0.75,2.595541732901383
504,0.25,0.75,2.850497238417925,0.75,2.600497238417925
505,0.25,0.75,2.8538912926223268,0.75,2.6038912926223268
506,0.25,0.75,2.8496686760668393,0.7500000000000001,2.5996686760668393
507,0.25,0.75,2.838724850705881,0.75,2.588724850705881
508,0.25,0.75,2.8616092489361833,0.7500000000000001,2.6116092489361833
509,0.25,0.75,2.8626091080537495,0.7499999999999999,2.6126091080537495
510,0.25,0.75,2.8799126450141896,0.75,2.6299126450141896
511,0.25,0.75,2.8762876451271184,0.7500000000000001,2.6262876451271184
512,0.25,0.75,2.5090095091641906,0.7499999999999999,2.2590095091641906
513,0.25,0.75,2.5079404306445663,0.75,2.2579404306445663
514,0.25,0.75,2.8620327803295034,0.7499999999999999,2.6120327803295034
515,0.25,0.75,2.8396454710675716,0.75,2.5896454710675716
516,0.25,0.75,2.8359522498767498,0.7500000000000001,2.5859522498767498
517,0.25,0.75,2.7886656225332263,0.7499999999999999,2.5386656225332263
518,0.25,0.75,2.838294729264745,0.7500000000000002,2.588294729264745
519,0.25,0.75,2.8479508362154236,0.75,2.5979508362154236
520,10.25,0.75,7.89949857802136,0.7499999999999999,2.35050142197864
521,10.25,0.75,7.024412419252715,0.7499999999999999,3.225587580747285
522,10.25,0.75,6.770173772301384,0.75,3.4798262276986156
523,10.25,0.75,8.736897435507437,0.7499999999999998,1.5131025644925629
524,10.25,0.75,9.481911749992646,0.7500000000000001,0.768088250007354
525,10.25,0.75,7.794136710385161,0.7499999999999998,2.4558632896148387
526,10.25,0.75,6.969664159632321,0.7500000000000002,3.2803358403676786
527,10.25,0.75,9.271509608893917,0.75,0.9784903911060834
528,10.25,0.75,9.271885082177583,0.75,0.9781149178224169
529,10.25,0.75,7.36788999320953,0.75,2.8821100067904704
530,10.25,0.75,6.457531093797265,0.7500000000000001,3.7924689062027346
531,10.25,0.75,6.477363867532181,0.75,3.7726361324678193
532,10.25,0.75,6.817481062323524,0.7500000000000001,3.432518937676476
533,10.25,0.75,6.262516435960625,0.7500000000000001,3.9874835640393753
534,10.25,0.75,9.111071881020118,0.7500000000000002,1.1389281189798819
535,10.25,0.75,7.205167148427696,0.7499999999999997,3.0448328515723038
536,10.25,0.75,6.752101382862652,0.7499999999999999,3.4978986171373476
537,10.25,0.75,6.145926892287065,0.7499999999999998,4.104073107712935
538,10.25,0.75,8.665595343129647,0.75,1.584404656870353
539,10.25,0.75,9.739166176457996,0.7500000000000001,0.5108338235420042
540,12.25,0.75,13.749999999999998,1.2499999999999998,1.581138830084188
541,12.25,0.75,9.993268986333833,0.7500000000000001,2.256731013666167
542,12.25,0.75,13.750000000000002,1.25,1.5811388300841913
543,12.25,0.75,13.749999999999998,1.25,1.581138830084188
544,12.25,0.75,13.750000000000002,1.25,1.5811388300841913
545,12.25,0.75,13.749999999999998,1.2499999999999998,1.581138830084188
546,12.25,0.75,13.446183361275546,1.2223803055705043,1.2860784528493376
547,12.25,0.75,13.437412905048118,1.2215829913680105,1.2776305901247094
548,12.25,0.75,13.749999999999998,1.2499999999999998,1.581138830084188
549,12.25,0.75,12.769605167370868,1.1608731970337152,0.6624245723093412
550,12.25,0.75,13.750000000000002,1.25,1.5811388300841913
551,12.25,0.75,13.114215885264953,1.1591736978949931,0.956186284880383
552,12.25,0.75,12.774425387142788,1.1277839679547201,0.6463301889309179
553,12.25,0.75,12.764262468621743,1.160387497147431,0.657939043109513
554,12.25,0.75,13.750000000000005,1.2500000000000004,1.5811388300841949
555,12.25,0.75,13.14513866923274,1.195012606293886,0.9996546688313106
556,12.25,0.75,12.006172422754823,1.0914702202504385,0.419587653230092
557,12.25,0.75,12.372806905287446,1.1248006277534042,0.39440720905001914
558,12.25,0.75,13.749999999999998,1.2499999999999998,1.581138830084188
559,12.25,0.75,13.750000000000004,1.25,1.581138830084193
560,13.75,1.25,12.25,0.75,1.5811388300841898
561,13.75,1.25,12.336226021523744,0.8937100358729089,1.4579778464552415
562,13.75,1.25,12.95878096983647,1.9313016163941141,1.0441261639256771
563,13.75,1.25,12.744848177826773,1.5747469630446191,1.0563099808412593
564,13.75,1.25,12.560733296684251,1.2678888278070846,1.189401236663146
565,13.75,1.25,12.53862616667177,1.231043611119618,1.2115221453822929
566,13.75,1.25,12.441155294498422,1.0685921574973716,1.3213566015428877
567,13.75,1.25,12.54765070195137,1.2460845032522838,1.2023556735146272
568,13.75,1.25,12.537176299825934,1.228627166376554,1.2130120055964035
569,13.75,1.25,12.33683561166219,0.8947260194369825,1.4571386995517166
570,13.75,1.25,12.25,0.7500000000000001,1.5811388300841898
571,13.75,1.25,12.249999999999996,0.7499999999999999,1.581138830084193
572,13.75,1.25,12.249999999999998,0.7499999999999998,1.5811388300841913
573,13.75,1.25,12.249999999999998,0.7499999999999998,1.5811388300841913
574,13.75,1.25,12.249999999999998,0.75,1.5811388300841913
575,13.75,1.25,12.433048339206119,1.055080565343534,1.331298337291292
576,13.75,1.25,12.643707852116814,1.5331765888601077,1.1419594112517486
577,13.75,1.25,12.447474918696845,1.079124864494739,1.3136856166365425
578,13.75,1.25,12.25,0.7499999999999999,1.5811388300841898
579,13.75,1.25,12.249999999999996,0.7499999999999999,1.581138830084193
580,13.75,11.25,13.75,6.856732156978632,4.393267843021368
581,13.75,11.25,17.11718087933309,10.933590439666544,3.3820145008584426
582,13.75,11.25,17.379649085961553,11.125041530192455,3.6317994309155046
583,13.75,11.25,16.539168162667785,10.830379096240788,2.820556814267581
584,13.75,11.25,16.08328488976124,10.300222231541788,2.5191856196488556
585,13.75,11.25,16.08423022017842,10.180641498898336,2.5675198781455597
586,13.75,11.25,17.207770517359982,11.103869888980935,3.4608569690280997
587,13.75,11.25,16.778373149909054,10.946294502042662,3.0435638591262717
588,13.75,11.25,16.866990828958894,11.001626215426487,3.1268708583306126
589,13.75,11.25,17.135376857480086,11.129534740528827,3.387519497493882
590,13.75,11.25,16.691818496085403,10.966358742548957,2.9554607807985867
591,13.75,11.25,16.523271011509177,10.819256261182872,2.8065231643097643
592,13.75,11.25,16.681902973609546,10.97356782775447,2.9449057357601243
593,13.75,11.25,16.324161590394993,10.795234920332367,2.6140235597924497
594,13.75,11.25,15.099116400219183,9.173962708406176,2.4758929495090425
595,13.75,11.25,15.387422324576498,9.76818457955159,2.208376962681009
596,13.75,11.25,16.6408408551176,10.94890738126974,2.9064785591280207
597,13.75,11.25,16.66337872050331,10.964445157535195,2.9273396005821746
598,13.75,11.25,16.312568549133374,10.825581210845359,2.5974774065610307
599,13.75,11.25,15.390461969275586,10.016659305545483,2.052375389941393
600,13.75,3.25,13.047444384915192,1.01581479497173,2.342043535601848
601,13.75,3.25,13.749999999999998,7.096748349163708,3.8467483491637076
602,13.75,3.25,13.361248439728636,3.8442605907742164,0.7101221200334074
603,13.75,3.25,13.750000000000004,6.899225328999434,3.6492253289994343
604,13.75,3.25,13.750000000000004,8.219743099886594,4.969743099886594
605,13.75,3.25,13.750000000000004,7.801827388327378,4.551827388327378
606,13.75,3.25,13.561561837098289,1.4333832305522478,1.8263639911793486
607,13.75,3.25,13.749999999999998,1.9905188770408853,1.2594811229591147
608,13.75,3.25,13.749999999999993,2.041294009578949,1.208705990421051
609,13.75,3.25,13.749999999999998,3.7271376809859382,0.47713768098593823
610,13.75,3.25,13.750000000000002,3.906944167805121,0.6569441678051211
611,13.75,3.25,13.749999999999998,2.3520972323985165,0.8979027676014835
612,13.75,3.25,13.749999999999998,1.7644699169116942,1.4855300830883058
613,13.75,3.25,13.749999999999998,3.1320863068752565,0.11791369312474353
614,13.75,3.25,13.750000000000004,5.07483261722815,1.8248326172281502
615,13.75,3.25,13.749999999999998,2.0250676026676464,1.2249323973323536
616,13.75,3.25,13.75,1.6947281485824084,1.5552718514175916
617,13.75,3.25,13.75,1.25,2.0
618,13.75,3.25,13.664407503377761,1.4650902042472345,1.786960843010335
619,13.75,3.25,13.75,1.4980553612667855,1.7519446387332145
620,13.75,5.25,13.749999999999996,7.249999999999999,1.9999999999999991
621,13.75,5.25,13.75,8.744814918338957,3.4948149183389567
622,13.75,5.25,13.75,8.470295135025872,3.2202951350258715
623,13.75,5.25,13.750000000000002,7.753453996214226,2.503453996214226
624,13.75,5.25,13.75,8.600233671338042,3.3502336713380423
625,13.75,5.25,13.750000000000002,8.85076381094764,3.6007638109476403
626,13.75,5.25,13.750000000000002,8.875998939715208,3.625998939715208
627,13.75,5.25,13.75,8.994816738901292,3.7448167389012923
628,13.75,5.25,13.75,8.883631648503675,3.633631648503675
629,13.75,5.25,13.75,8.355543410604145,3.1055434106041453
630,13.75,5.25,13.750000000000002,8.228731910772414,2.9787319107724137
631,13.75,5.25,13.749999999999998,7.940221248798215,2.690221248798215
632,13.75,5.25,13.75,7.916673394203582,2.666673394203582
633,13.75,5.25,13.75,8.055256821194897,2.805256821194897
634,13.75,5.25,13.749999999999998,7.891668007029654,2.6416680070296543
635,13.75,5.25,13.749999999999998,8.283362682660691,3.033362682660691
636,13.75,5.25,13.749999999999998,7.935265600216575,2.6852656002165753
637,13.75,5.25,13.750000000000004,8.884692381971707,3.634692381971707
638,13.75,5.25,13.749999999999998,8.622478387686838,3.3724783876868383
639,13.75,5.25,13.75,8.624508464595204,3.3745084645952037
640,13.75,7.25,13.75,8.248377102815574,0.9983771028155743
641,13.75,7.25,13.75,7.4061655528215615,0.15616555282156153
642,13.75,7.25,13.750000000000002,7.914925690444531,0.6649256904445311
643,13.75,7.25,13.749999999999998,7.654538389060752,0.4045383890607521
644,13.75,7.25,13.750000000000002,7.576985369923215,0.32698536992321525
645,13.75,7.25,13.749999999999996,7.033811276247856,0.21618872375214426
646,13.75,7.25,13.75,7.63436053164403,0.38436053164403017
647,13.75,7.25,13.750000000000002,7.636545628144897,0.3865456281448969
648,13.75,7.25,13.750000000000002,8.254117999302585,1.0041179993025846
649,13.75,7.25,13.750000000000002,7.391717371247245,0.14171737124724526
650,13.75,7.25,13.75,7.0365940674486795,0.21340593255132045
651,13.75,7.25,13.75,7.354109500224851,0.1041095002248511
652,13.75,7.25,14.003972105463353,10.985892280588834,3.7445150503792513
653,13.75,7.25,13.750000000000002,8.016892908672217,0.7668929086722169
654,13.75,7.25,13.750000000000002,7.095653627484638,0.15434637251536198
655,13.75,7.25,13.750000000000002,6.821779545739042,0.4282204542609582
656,13.75,7.25,13.750000000000002,7.36737455638125,0.11737455638125027
657,13.75,7.25,13.749999999999996,7.11747598889463,0.13252401110537004
658,13.75,7.25,13.749999999999995,6.221945689421843,1.028054310578157
659,13.75,7.25,13.750000000000002,7.59754100489716,0.34754100489715967
660,13.75,9.25,13.750000000000005,10.521977835155477,1.271977835155477
661,13.75,9.25,13.749999999999998,10.993031871277248,1.743031871277248
662,13.75,9.25,13.750000000000002,7.237317265451909,2.0126827345480907
663,13.75,9.25,13.749999999999993,6.142760938710304,3.107239061289696
664,13.75,9.25,13.75,8.496892659164669,0.7531073408353315
665,13.75,9.25,13.749999999999996,6.859636699031809,2.3903633009681906
666,13.75,9.25,13.749999999999996,6.852315081395468,2.397684918604532
667,13.75,9.25,13.75,7.501127098133552,1.7488729018664477
668,13.75,9.25,13.750000000000002,6.682984917887439,2.567015082112561
669,13.75,9.25,13.749999999999998,5.661428143940376,3.588571856059624
670,13.75,9.25,13.750000000000002,6.459704267606112,2.790295732393888
671,13.75,9.25,13.750000000000002,9.29499760490968,0.04499760490968008
672,13.75,9.25,13.75,6.169928994066855,3.080071005933145
673,13.75,9.25,13.749999999999998,5.6281069920926035,3.6218930079073965
674,13.75,9.25,13.749999999999995,5.89531579786108,3.3546842021389196
675,13.75,9.25,13.750000000000002,6.294058841916255,2.9559411580837454
676,13.75,9.25,13.750000000000002,4.726671153344181,4.523328846655819
677,13.75,9.25,13.749999999999996,6.317294764508022,2.9327052354919783
678,13.75,9.25,13.75,6.73470684843175,2.51529315156825
679,13.75,9.25,13.75,11.250000000000002,2.0000000000000018
680,15.75,11.25,17.631930880089303,11.249999999999996,1.8819308800893033
681,15.75,11.25,18.004322839018926,11.25,2.2543228390189256
682,15.75,11.25,20.525324673404196,11.250000000000002,4.775324673404196
683,15.75,11.25,18.59804955120598,11.249999999999998,2.8480495512059782
684,15.75,11.25,18.10810853675294,11.250000000000002,2.3581085367529404
685,15.75,11.25,17.86852406950326,11.250000000000002,2.118524069503259
686,15.75,11.25,18.29796212619073,11.249999999999998,2.547962126190729
687,15.75,11.25,18.51866247293217,11.250000000000002,2.7686624729321707
688,15.75,11.25,17.001490395054017,10.885780630748453,1.3034124281479187
689,15.75,11.25,18.024046447004668,11.25,2.274046447004668
690,15.75,11.25,17.627592585592275,11.249999999999996,1.877592585592275
691,15.75,11.25,16.71679108510776,10.742081739958286,1.0920924691287115
692,15.75,11.25,18.414817031805264,11.25,2.6648170318052635
693,15.75,11.25,18.876038702236677,11.250000000000004,3.126038702236677
694,15.75,11.25,17.749999999999996,11.250000000000002,1.9999999999999964
695,15.75,11.25,18.12927486361575,11.250000000000002,2.3792748636157484
696,15.75,11.25,17.628794018247284,11.25,1.8787940182472838
697,15.75,11.25,17.75,11.249999999999998,2.0
698,15.75,11.25,17.749999999999996,11.249999999999998,1.9999999999999964
699,15.75,11.25,17.871355395617623,11.25,2.1213553956176234
700,17.75,11.25,14.701794420972377,11.25,3.0482055790276235
701,17.75,11.25,14.976292620426227,11.249999999999998,2.7737073795737732
702,17.75,11.25,16.117135646723813,11.25,1.6328643532761866
703,17.75,11.25,15.215478908630708,11.25,2.5345210913692924
704,17.75,11.25,16.60487887851691,11.249999999999998,1.1451211214830899
705,17.75,11.25,14.839518930656448,11.249999999999998,2.910481069343552
706,17.75,11.25,15.0826778531802,11.249999999999998,2.6673221468197994
707,17.75,11.25,15.884889451588476,11.250000000000004,1.8651105484115238
708,17.75,11.25,15.233703009309082,11.250000000000002,2.5162969906909183
709,17.75,11.25,16.11544857740973,11.249999999999998,1.6345514225902704
710,17.75,11.25,14.67622541440073,11.249999999999998,3.0737745855992706
711,17.75,11.25,16.005045779150702,11.25,1.7449542208492979
712,17.75,11.25,16.65893912041478,11.250000000000002,1.0910608795852212
713,17.75,11.25,14.803306861828322,11.250000000000002,2.9466931381716783
714,17.75,11.25,15.972665256983401,11.12288665854187,1.7818744597503304
715,17.75,11.25,14.113003400487473,11.249999999999998,3.6369965995125266
716,17.75,11.25,16.12117688823467,11.25,1.6288231117653282
717,17.75,11.25,16.153411825472386,11.250000000000002,1.5965881745276143
718,17.75,11.25,15.741056718952102,11.25,2.008943281047898
719,17.75,11.25,17.041418358539634,11.25,0.7085816414603663
720,19.75,11.25,17.750000000000004,11.250000000000002,1.9999999999999964
721,19.75,11.25,18.0028462921752,11.250000000000002,1.7471537078248005
722,19.75,11.25,17.749999999999996,11.249999999999998,2.0000000000000036
723,19.75,11.25,17.75,11.250000000000002,2.0
724,19.75,11.25,17.75,11.250000000000002,2.0
725,19.75,11.25,17.750000000000004,11.25,1.9999999999999964
726,19.75,11.25,17.75,11.250000000000002,2.0
727,19.75,11.25,17.75,11.25,2.0
728,19.75,11.25,17.75,11.25,2.0
729,19.75,11.25,17.749999999999996,11.249999999999996,2.0000000000000036
730,19.75,11.25,17.750000000000004,11.25,1.9999999999999964
731,19.75,11.25,18.235475792506428,11.25,1.5145242074935723
732,19.75,11.25,17.749999999999993,11.249999999999998,2.000000000000007
733,19.75,11.25,17.750000000000004,11.25,1.9999999999999964
734,19.75,11.25,17.98512621265716,11.25,1.7648737873428395
735,19.75,11.25,18.237176007500782,11.25,1.512823992499218
736,19.75,11.25,17.633356739764515,11.250000000000002,2.1166432602354845
737,19.75,11.25,17.750000000000004,11.249999999999998,1.9999999999999964
738,19.75,11.25,17.75,11.25,2.0
739,19.75,11.25,17.75,11.25,2.0
740,2.25,0.75,4.6679173405855865,0.7500000000000001,2.4179173405855865
741,2.25,0.75,5.175969675007075,0.75,2.9259696750070754
742,2.25,0.75,5.1546890222266315,0.7500000000000001,2.9046890222266315
743,2.25,0.75,4.672585452735065,0.7500000000000001,2.422585452735065
744,2.25,0.75,4.8970404773058,0.7499999999999999,2.6470404773058
745,2.25,0.75,5.375803162617981,0.75,3.1258031626179807
746,2.25,0.75,5.21735962179909,0.75,2.9673596217990896
747,2.25,0.75,6.3339749290564145,0.7499999999999999,4.0839749290564145
748,2.25,0.75,5.479652511398498,0.7500000000000003,3.2296525113984984
749,2.25,0.75,5.085615450051246,0.75,2.835615450051246
750,2.25,0.75,4.801360775299796,0.75,2.5513607752997958
751,2.25,0.75,4.499125101805386,0.7500000000000001,2.2491251018053857
752,2.25,0.75,4.647210188044498,0.7500000000000002,2.3972101880444976
753,2.25,0.75,4.945065375871882,0.7499999999999999,2.6950653758718817
754,2.25,0.75,5.163554455043457,0.7500000000000001,2.9135544550434567
755,2.25,0.75,4.76677986382538,0.75,2.5167798638253798
756,2.25,0.75,4.7883847162244635,0.7500000000000001,2.5383847162244635
757,2.25,0.75,4.62723501561382,0.7499999999999999,2.3772350156138202
758,2.25,0.75,4.494806282890935,0.75,2.244806282890935
759,2.25,0.75,4.622779594669725,0.75,2.3727795946697254
760,21.75,11.25,24.991461541668873,11.25,3.2414615416688726
761,21.75,11.25,23.68403493080452,11.250000000000002,1.9340349308045184
762,21.75,11.25,23.871386539343415,11.249999999999998,2.1213865393434155
763,21.75,11.25,23.749999999999996,11.249999999999998,1.9999999999999964
764,21.75,11.25,23.750000000000007,11.25,2.000000000000007
765,21.75,11.25,23.75,11.25,2.0
766,21.75,11.25,23.749999999999996,11.249999999999998,1.9999999999999964
767,21.75,11.25,23.874728059779418,11.250000000000004,2.124728059779418
768,21.75,11.25,23.750000000000004,11.25,2.0000000000000036
769,21.75,11.25,23.874296904090055,11.25,2.1242969040900554
770,21.75,11.25,23.875024815761005,11.25,2.125024815761005
771,21.75,11.25,23.638442067476237,11.249999999999998,1.8884420674762374
772,21.75,11.25,23.870489888701137,11.250000000000002,2.1204898887011367
773,21.75,11.25,23.749999999999996,11.25,1.9999999999999964
774,21.75,11.25,24.01057508896066,11.25,2.2605750889606604
775,21.75,11.25,22.427836098117638,11.250000000000002,0.6778360981176377
776,21.75,11.25,24.410048740808097,11.249999999999998,2.6600487408080973
777,21.75,11.25,23.750000000000004,11.25,2.0000000000000036
778,21.75,11.25,23.749999999999996,11.250000000000004,1.9999999999999964
779,21.75,11.25,22.689282734699503,11.249999999999998,0.9392827346995034
780,23.75,11.25,23.38695782460782,11.250000000000004,0.36304217539218087
781,23.75,11.25,25.067908239161202,11.25,1.317908239161202
782,23.75,11.25,24.85011120488955,11.25,1.1001112048895507
783,23.75,11.25,24.383548468068938,11.25,0.6335484680689376
784,23.75,11.25,22.535372911647794,11.25,1.2146270883522057
785,23.75,11.25,23.238179292566073,11.250000000000002,0.5118207074339267
786,23.75,11.25,22.1218498139784,11.249999999999998,1.6281501860215997
787,23.75,11.25,23.63588793956128,11.249999999999998,0.11411206043872113
788,23.75,11.25,23.23275800642726,11.250000000000002,0.517241993572739
789,23.75,11.25,22.001866137954636,11.25,1.7481338620453641
790,23.75,11.25,22.57439330618566,11.249999999999996,1.1756066938143412
791,23.75,11.25,22.56693079192768,11.25,1.1830692080723217
792,23.75,11.25,21.990123047382173,11.249999999999996,1.7598769526178266
793,23.75,11.25,24.12369899560227,11.249999999999996,0.37369899560226827
794,23.75,11.25,23.029958303988245,11.25,0.720041696011755
795,23.75,11.25,21.75,11.249999999999998,2.0
796,23.75,11.25,23.38737591120552,11.25,0.3626240887944796
797,23.75,11.25,22.564968175556373,11.25,1.1850318244436266
798,23.75,11.25,21.749999999999996,11.250000000000002,2.0000000000000036
799,23.75,11.25,22.153226605455245,11.25,1.5967733945447549
800,25.75,11.25,27.37117627573588,11.249999999999998,1.6211762757358805
801,25.75,11.25,29.91031608790168,11.249999999999996,4.1603160879016805
802,25.75,11.25,31.36015841906276,11.250000000000002,5.61015841906276
803,25.75,11.25,30.92537170932094,11.249999999999996,5.175371709320942
804,25.75,11.25,30.098204889552136,11.250000000000002,4.348204889552136
805,25.75,11.25,29.645338790989257,11.250000000000004,3.895338790989257
806,25.75,11.25,29.176199181951812,11.250000000000002,3.4261991819518123
807,25.75,11.25,28.941841988112404,11.250000000000002,3.1918419881124045
808,25.75,11.25,30.092475784387418,11.25,4.3424757843874175
809,25.75,11.25,29.889760370549315,11.25,4.139760370549315
810,25.75,11.25,30.29141680649995,11.25,4.541416806499949
811,25.75,11.25,29.946947773721,11.249999999999998,4.196947773721
812,25.75,11.25,30.15313403138205,11.25,4.403134031382049
813,25.75,11.25,30.03937010965411,11.250000000000004,4.2893701096541115
814,25.75,11.25,29.914930223548595,11.25,4.164930223548595
815,25.75,11.25,30.033811317292024,11.250000000000002,4.283811317292024
816,25.75,11.25,29.943173263600578,11.249999999999996,4.193173263600578
817,25.75,11.25,30.218424000978693,11.25,4.468424000978693
818,25.75,11.25,30.33851820636271,11.250000000000002,4.588518206362711
819,25.75,11.25,30.20544458379759,11.25,4.45544458379759
820,27.75,11.25,28.929491827793353,11.249999999999998,1.1794918277933526
821,27.75,11.25,30.692634210210592,11.250000000000004,2.942634210210592
822,27.75,11.25,31.439538759496077,11.249999999999998,3.6895387594960773
823,27.75,11.25,31.740524935127496,11.25,3.990524935127496
824,27.75,11.25,31.340039149557672,11.25,3.590039149557672
825,27.75,11.25,31.250378138490483,11.250000000000002,3.5003781384904826
826,27.75,11.25,30.694384185833954,11.250000000000002,2.944384185833954
827,27.75,11.25,31.99302935979292,11.250000000000002,4.243029359792921
828,27.75,11.25,32.00388534782832,11.250000000000002,4.253885347828323
829,27.75,11.25,31.82531205807299,11.250000000000002,4.0753120580729885
830,27.75,11.25,31.39000814521744,11.25,3.6400081452174398
831,27.75,11.25,28.432024949782566,11.25,0.6820249497825657
832,27.75,11.25,32.02472278797238,11.249999999999998,4.2747227879723795
833,27.75,11.25,32.57754859084404,11.25,4.827548590844039
834,27.75,11.25,32.17629546026773,11.25,4.426295460267731
835,27.75,11.25,31.838006626736366,11.250000000000002,4.088006626736366
836,27.75,11.25,31.90110869736752,11.25,4.151108697367519
837,27.75,11.25,32.266023202310755,11.250000000000002,4.516023202310755
838,27.75,11.25,31.750000000000007,11.25,4.000000000000007
839,27.75,11.25,31.211225698768743,11.250000000000002,3.461225698768743
840,29.75,11.25,30.791207814155978,11.249999999999996,1.0412078141559782
841,29.75,11.25,30.62059830502666,11.249999999999996,0.870598305026661
842,29.75,11.25,31.432263757636036,11.25,1.6822637576360364
843,29.75,11.25,30.58427558105309,11.249999999999998,0.8342755810530917
844,29.75,11.25,31.070151975737524,11.250000000000002,1.3201519757375237
845,29.75,11.25,31.34438504805051,11.25,1.5943850480505084
846,29.75,11.25,30.086860041456312,11.250000000000002,0.3368600414563119
847,29.75,11.25,30.066681611735728,11.250000000000004,0.31668161173572784
848,29.75,11.25,31.20611270118545,11.25,1.4561127011854502
849,29.75,11.25,30.964815162980635,11.250000000000002,1.214815162980635
850,29.75,11.25,30.622613810700134,11.250000000000004,0.872613810700134
851,29.75,11.25,30.549176671535943,11.250000000000002,0.7991766715359425
852,29.75,11.25,31.47493136324508,11.249999999999996,1.72493136324508
853,29.75,11.25,29.069264049172048,11.250000000000002,0.6807359508279518
854,29.75,11.25,30.33593518762195,11.250000000000004,0.5859351876219492
855,29.75,11.25,30.767997774082136,11.250000000000002,1.0179977740821364
856,29.75,11.25,32.14267884225331,11.25,2.3926788422533107
857,29.75,11.25,31.34460883510926,11.250000000000004,1.594608835109259
858,29.75,11.25,31.253666286974344,11.250000000000004,1.5036662869743438
859,29.75,11.25,31.31032495201744,11.25,1.5603249520174387
860,31.75,11.25,31.36608284422741,11.249999999999998,0.3839171557725898
861,31.75,11.25,29.863977245382195,11.250000000000002,1.8860227546178052
862,31.75,11.25,29.724501850809613,11.249999999999998,2.025498149190387
863,31.75,11.25,29.769085484217705,11.249999999999998,1.9809145157822954
864,31.75,11.25,30.90751178745107,11.250000000000002,0.842488212548929
865,31.75,11.25,34.44051176200539,11.249999999999998,2.690511762005393
866,31.75,11.25,32.69760558612623,11.25,0.9476055861262296
867,31.75,11.25,29.66659856527653,11.25,2.08340143472347
868,31.75,11.25,30.145898310848395,11.25,1.6041016891516051
869,31.75,11.25,32.405181238439326,11.249999999999998,0.6551812384393259
870,31.75,11.25,34.13080684487071,11.25,2.380806844870712
871,31.75,11.25,31.816201855863504,11.25,0.06620185586350402
872,31.75,11.25,30.602847378826223,11.250000000000004,1.1471526211737775
873,31.75,11.25,35.138457893754925,11.250000000000002,3.388457893754925
874,31.75,11.25,35.289355166827356,11.250000000000002,3.539355166827356
875,31.75,11.25,30.248574227994858,11.25,1.5014257720051418
876,31.75,11.25,31.476332434496015,11.25,0.27366756550398463
877,31.75,11.25,31.801965081839725,11.249999999999996,0.05196508183972526
878,31.75,11.25,32.26706981922152,11.25,0.5170698192215184
879,31.75,11.25,32.04840506984407,11.25,0.29840506984407256
880,33.75,11.25,29.36692564475834,11.250000000000002,4.383074355241661
881,33.75,11.25,31.15470636198186,11.25,2.5952936380181413
882,33.75,11.25,30.870870688848104,11.25,2.879129311151896
883,33.75,11.25,30.02693354380369,11.249999999999996,3.7230664561963103
884,33.75,11.25,30.845000007543117,11.25,2.904999992456883
885,33.75,11.25,29.39836415395052,11.249999999999996,4.351635846049479
886,33.75,11.25,30.339910921028,11.250000000000002,3.4100890789719998
887,33.75,11.25,30.77278547800685,11.249999999999998,2.977214521993151
888,33.75,11.25,30.12820581255834,11.249999999999996,3.6217941874416617
889,33.75,11.25,30.167299159710588,11.250000000000004,3.5827008402894123
890,33.75,11.25,30.172803515635827,11.249999999999998,3.5771964843641726
891,33.75,11.25,30.893637452791847,11.249999999999998,2.8563625472081533
892,33.75,11.25,30.749452975731327,11.25,3.0005470242686734
893,33.75,11.25,31.19784994202712,11.25,2.552150057972881
894,33.75,11.25,30.956202365864968,11.250000000000002,2.793797634135032
895,33.75,11.25,31.49138851145108,11.249999999999998,2.258611488548919
896,33.75,11.25,32.02843333577709,11.25,1.7215666642229124
897,33.75,11.25,31.56877347313109,11.250000000000002,2.1812265268689117
898,33.75,11.25,29.336843962762696,11.250000000000002,4.413156037237304
899,33.75,11.25,28.688740860933603,11.250000000000002,5.061259139066397
900,35.75,11.25,30.699272496441605,11.249999999999996,5.050727503558395
901,35.75,11.25,35.233471963266766,11.250000000000004,0.5165280367332343
902,35.75,11.25,34.85267102340623,11.250000000000002,0.8973289765937693
903,35.75,11.25,36.021088500758154,11.249999999999998,0.2710885007581538
904,35.75,11.25,34.18526972299592,11.250000000000004,1.564730277004081
905,35.75,11.25,35.180758004424575,11.250000000000002,0.5692419955754247
906,35.75,11.25,36.39554714977378,11.249999999999996,0.6455471497737832
907,35.75,11.25,34.715453794118794,11.249999999999996,1.034546205881206
908,35.75,11.25,35.95168978925763,11.250000000000002,0.20168978925762815
909,35.75,11.25,36.008782780824376,11.250000000000004,0.2587827808243759
910,35.75,11.25,35.012373913916036,11.249999999999998,0.7376260860839636
911,35.75,11.25,35.587528539258315,11.249999999999998,0.16247146074168484
912,35.75,11.25,36.12701702794388,11.249999999999998,0.3770170279438787
913,35.75,11.25,35.224420864623774,11.25,0.5255791353762262
914,35.75,11.25,34.67002816084477,11.25,1.0799718391552275
915,35.75,11.25,32.966871562170006,11.25,2.783128437829994
916,35.75,11.25,34.4311357326745,11.25,1.3188642673255018
917,35.75,11.25,34.761731898843514,11.249999999999998,0.9882681011564856
918,35.75,11.25,35.36584209595718,11.250000000000005,0.3841579040428229
919,35.75,11.25,35.038056010313944,11.25,0.7119439896860555
920,37.75,11.25,35.4940911885412,11.25,2.255908811458802
921,37.75,11.25,35.74999999999999,11.250000000000002,2.000000000000007
922,37.75,11.25,35.75,11.249999999999998,2.0
923,37.75,11.25,35.75,11.25,2.0
924,37.75,11.25,34.72032274417178,11.249999999999998,3.0296772558282186
925,37.75,11.25,34.797798854389406,11.249999999999998,2.9522011456105943
926,37.75,11.25,33.91026404646786,11.250000000000002,3.8397359535321414
927,37.75,11.25,35.41463805355984,11.250000000000002,2.335361946440159
928,37.75,11.25,33.212532821876295,11.25,4.5374671781237055
929,37.75,11.25,34.45713566505682,11.25,3.2928643349431823
930,37.75,11.25,35.75,11.25,2.0
931,37.75,11.25,35.27887944936386,11.249999999999996,2.4711205506361367
932,37.75,11.25,35.47558434865353,11.249999999999996,2.274415651346473
933,37.75,11.25,35.75,11.249999999999998,2.0
934,37.75,11.25,35.75,11.25,2.0
935,37.75,11.25,35.75000000000001,11.250000000000002,1.999999999999993
936,37.75,11.25,35.251048319882635,11.250000000000002,2.498951680117365
937,37.75,11.25,35.12190802656238,11.25,2.62809197343762
938,37.75,11.25,34.49316290412477,11.250000000000002,3.256837095875227
939,37.75,11.25,34.189079875202935,11.249999999999998,3.5609201247970645
940,4.25,0.75,3.0322921349865077,0.7500000000000002,1.2177078650134923
941,4.25,0.75,1.058120650537491,0.7500000000000002,3.191879349462509
942,4.25,0.75,1.351680766628095,0.7499999999999999,2.898319233371905
943,4.25,0.75,4.27530606405199,0.7500000000000001,0.025306064051989985
944,4.25,0.75,4.176221831295654,0.7500000000000002,0.07377816870434639
945,4.25,0.75,4.977660319046199,0.75,0.7276603190461994
946,4.25,0.75,4.790625503205089,0.75,0.5406255032050886
947,4.25,0.75,4.476065242329967,0.75,0.22606524232996694
948,4.25,0.75,5.651543406699264,0.7499999999999999,1.4015434066992638
949,4.25,0.75,4.055067855534865,0.75,0.19493214446513463
950,4.25,0.75,5.037185291230163,0.7499999999999999,0.7871852912301627
951,4.25,0.75,4.691218277472481,0.7500000000000001,0.44121827747248066
952,4.25,0.75,3.5910219892907134,0.7500000000000001,0.6589780107092866
953,4.25,0.75,2.5506851776129,0.7499999999999999,1.6993148223871
954,4.25,0.75,3.0865492957602654,0.7499999999999999,1.1634507042397346
955,4.25,0.75,4.094541243695441,0.7500000000000002,0.15545875630455885
956,4.25,0.75,3.2826590200891315,0.7500000000000001,0.9673409799108685
957,4.25,0.75,2.5214313129321817,0.75,1.7285686870678183
958,4.25,0.75,5.487953665565796,0.7500000000000001,1.2379536655657963
959,4.25,0.75,6.249999999999999,0.75,1.9999999999999991
960,6.25,0.75,3.777467812405707,0.7500000000000001,2.472532187594293
961,6.25,0.75,5.245287219458183,0.75,1.0047127805418166
962,6.25,0.75,7.006102027223661,0.7499999999999999,0.7561020272236609
963,6.25,0.75,9.622968930028724,0.75,3.3729689300287244
964,6.25,0.75,7.015430437718521,0.7500000000000001,0.7654304377185213
965,6.25,0.75,5.166935033957265,0.75,1.083064966042735
966,6.25,0.75,6.74831708936749,0.7500000000000002,0.4983170893674904
967,6.25,0.75,7.098869440820218,0.7500000000000001,0.8488694408202182
968,6.25,0.75,7.620039349041633,0.7500000000000001,1.3700393490416332
969,6.25,0.75,5.899194317281212,0.7500000000000001,0.3508056827187884
970,6.25,0.75,5.389620226923194,0.7499999999999999,0.8603797730768061
971,6.25,0.75,7.067609154995337,0.7499999999999999,0.8176091549953366
972,6.25,0.75,7.328071700564792,0.7500000000000001,1.0780717005647924
973,6.25,0.75,7.794957557356406,0.75,1.5449575573564056
974,6.25,0.75,4.587403756359778,0.7499999999999998,1.6625962436402224
975,6.25,0.75,6.934522353043818,0.7500000000000001,0.6845223530438176
976,6.25,0.75,6.700634257149146,0.75,0.4506342571491464
977,6.25,0.75,6.70801111580655,0.7500000000000001,0.4580111158065501
978,6.25,0.75,6.256939440860369,0.7499999999999999,0.006939440860368684
979,6.25,0.75,7.2315224080943254,0.7499999999999999,0.9815224080943254
980,8.25,0.75,7.587533304906814,0.75,0.6624666950931859
981,8.25,0.75,7.131542083040158,0.75,1.1184579169598416
982,8.25,0.75,7.249147409604106,0.7499999999999999,1.000852590395894
983,8.25,0.75,6.412573932767768,0.7500000000000002,1.837426067232232
984,8.25,0.75,6.257236518579673,0.7499999999999999,1.9927634814203268
985,8.25,0.75,6.9682333097849245,0.75,1.2817666902150755
986,8.25,0.75,6.247316176786221,0.7500000000000003,2.002683823213779
987,8.25,0.75,6.78636726702589,0.75,1.4636327329741103
988,8.25,0.75,6.301298028807421,0.7500000000000001,1.9487019711925786
989,8.25,0.75,9.103416109918937,0.75,0.8534161099189372
990,8.25,0.75,9.22413819060748,0.7500000000000002,0.97413819060748
991,8.25,0.75,9.3889112161368,0.7499999999999999,1.1389112161367994
992,8.25,0.75,6.933031121194786,0.7499999999999999,1.3169688788052136
993,8.25,0.75,9.5511901498597,0.75,1.3011901498596998
994,8.25,0.75,8.851820728200218,0.7499999999999999,0.6018207282002184
995,8.25,0.75,8.543952750998667,0.7499999999999998,0.2939527509986668
996,8.25,0.75,9.985810307300303,0.75,1.7358103073003033
997,8.25,0.75,10.357735506711606,0.75,2.107735506711606
998,8.25,0.75,9.42665734292319,0.7499999999999999,1.1766573429231908
999,8.25,0.75,10.25,0.75,2.0
